Player,Pos,Player_ID,Age,G,MP,PER,TS%,3PAr,FTr,ORB%,DRB%,TRB%,AST%,STL%,BLK%,TOV%,USG%,OWS,DWS,WS,WS/48,OBPM,DBPM,BPM,VORP
A.J. Price,SG,priceaj01,27.0,28.0,99.0,9.7,0.469,0.478,0.043,1.1,10.2,5.5,21.5,0.5,0.0,13.0,23.2,-0.1,0.0,0.0,-0.012,-2.1,-3.9,-6.0,-0.1
Aaron Brooks,PG,brookaa01,29.0,48.0,1038.0,12.4333333333,0.518333333333,0.431333333333,0.163666666667,3.16666666667,6.63333333333,4.9,23.0333333333,1.63333333333,0.6,15.7666666667,20.4666666667,0.833333333333,0.6,1.43333333333,0.067,0.366666666667,-1.86666666667,-1.5,0.133333333333
Aaron Gray,C,grayaa01,29.0,24.6666666667,236.666666667,7.13333333333,0.521666666667,0.011,0.435,14.5333333333,24.4666666667,19.4666666667,13.4666666667,0.966666666667,1.23333333333,36.9,14.2,-0.166666666667,0.266666666667,0.0666666666667,0.009,-4.4,1.36666666667,-3.03333333333,-0.0333333333333
Adonis Thomas,F,thomaad01,20.0,2.0,13.0,10.1,0.7,0.4,0.0,0.0,0.0,0.0,13.9,0.0,0.0,16.7,19.5,0.0,0.0,0.0,0.06,-1.4,-9.3,-10.7,0.0
Adonis Thomas,SF,thomaad01,20.0,5.0,30.5,6.55,0.428,0.345,0.091,0.0,11.7,5.85,13.3,0.0,0.0,3.25,18.2,0.0,0.0,0.0,-0.015,-4.65,-4.75,-9.4,-0.05
Al Harrington,PF,harrial01,33.0,34.0,511.0,9.7,0.506,0.483,0.169,3.3,15.0,9.1,8.7,1.4,0.0,13.3,22.7,-0.2,0.5,0.4,0.035,-2.2,-2.4,-4.6,-0.3
Al Horford,C,horfoal01,27.0,29.0,958.0,22.0,0.588,0.026,0.202,8.0,21.4,14.8,15.2,1.4,3.6,12.3,24.7,1.5,1.3,2.8,0.141,0.8,2.0,2.8,1.1
Al Jefferson,C,jeffeal01,29.0,73.0,2553.0,22.7,0.532,0.011,0.201,6.9,28.3,17.5,12.8,1.4,2.4,7.6,29.3,3.1,4.7,7.8,0.146,0.3,1.5,1.8,2.5
Al-Farouq Aminu,SF,aminual01,23.0,80.0,2045.0,13.2,0.516,0.097,0.277,7.2,21.2,14.1,8.4,2.1,1.6,13.7,14.3,1.3,1.8,3.1,0.072,-1.4,1.0,-0.3,0.9
Alan Anderson,SF,anderal01,31.0,78.0,1773.0,9.5,0.525,0.511,0.243,2.7,9.1,5.9,7.3,1.4,0.5,10.4,15.9,0.8,0.9,1.7,0.047,-0.8,-1.4,-2.2,-0.1
Alec Burks,SG,burksal01,22.0,78.0,2193.0,15.8,0.547,0.172,0.449,3.0,10.7,6.8,16.9,1.7,0.5,13.0,23.9,2.6,0.6,3.2,0.07,0.5,-1.7,-1.2,0.5
Alex Len,C,lenal01,20.0,42.0,362.0,7.3,0.469,0.0,0.397,12.1,18.6,15.3,1.6,0.6,3.8,22.1,14.3,-0.2,0.4,0.2,0.024,-5.7,-0.2,-5.9,-0.4
Alexey Shved,SG,shvedal01,25.0,63.0,664.0,10.2,0.452,0.43,0.38,3.4,10.1,6.6,14.9,1.9,1.8,14.8,20.8,-0.4,0.7,0.2,0.017,-2.7,-0.4,-3.1,-0.2
Alexis Ajinca,C,ajincal01,25.0,56.0,951.0,14.6,0.589,0.004,0.269,11.3,22.7,16.9,6.6,1.3,4.1,18.4,16.3,1.2,0.9,2.1,0.104,-1.5,0.8,-0.7,0.3
Allen Crabbe,SG,crabbal01,21.0,15.0,100.0,7.7,0.475,0.424,0.121,1.1,8.5,4.8,8.7,1.0,0.7,7.9,16.5,0.0,0.1,0.1,0.037,-2.7,-2.1,-4.7,-0.1
Alonzo Gee,SF,geeal01,26.0,65.0,1020.0,8.6,0.491,0.246,0.258,3.8,12.8,8.2,6.9,2.0,1.2,14.3,13.4,-0.1,1.0,0.9,0.041,-3.3,0.7,-2.6,-0.2
Amar'e Stoudemire,C,stoudam01,31.0,65.0,1466.0,18.8,0.596,0.0,0.364,8.7,17.2,12.8,4.2,0.8,2.2,12.3,23.4,2.9,0.9,3.8,0.124,-0.8,-2.3,-3.1,-0.4
Amir Johnson,PF,johnsam01,26.0,77.0,2214.0,15.4,0.592,0.108,0.234,9.0,17.6,13.3,8.7,1.3,3.2,15.4,16.4,3.2,3.1,6.3,0.136,0.2,2.4,2.6,2.6
Anderson Varejao,C,varejan01,31.0,65.0,1800.0,17.0,0.527,0.015,0.294,11.4,28.2,19.6,12.2,2.0,1.8,12.2,14.6,2.7,2.7,5.4,0.144,-0.4,3.0,2.7,2.1
Andray Blatche,PF,blatcan01,27.0,73.0,1618.0,18.8,0.532,0.08,0.328,8.9,19.9,14.4,12.8,2.4,2.0,12.5,25.6,1.6,2.1,3.7,0.109,-0.6,0.7,0.1,0.8
Andre Drummond,C,drumman01,20.0,81.0,2619.0,22.6,0.599,0.003,0.427,17.5,27.7,22.3,2.2,2.0,4.0,10.7,16.7,6.4,3.5,9.9,0.182,1.1,0.5,1.6,2.4
Andre Iguodala,SF,iguodan01,30.0,63.0,2040.0,13.7,0.57,0.382,0.288,2.9,12.6,7.8,18.2,2.3,0.7,16.2,13.3,2.7,3.1,5.8,0.135,0.5,2.5,3.0,2.6
Andre Miller,SG,millean02,37.0,38.6666666667,654.666666667,13.9666666667,0.534,0.0833333333333,0.334666666667,3.13333333333,11.8,7.43333333333,29.6333333333,1.8,0.666666666667,19.0666666667,14.4333333333,0.933333333333,0.533333333333,1.46666666667,0.110333333333,-1.36666666667,-0.4,-1.83333333333,0.0666666666667
Andre Roberson,SG,roberan03,22.0,40.0,399.0,9.0,0.518,0.191,0.147,10.7,15.6,13.3,5.2,2.4,2.0,20.8,10.1,0.2,0.6,0.8,0.099,-2.2,1.9,-0.3,0.2
Andrea Bargnani,C,bargnan01,28.0,42.0,1257.0,14.5,0.51,0.215,0.203,6.3,14.7,10.4,6.1,0.6,3.7,9.6,22.4,0.8,0.7,1.5,0.058,-1.4,-1.0,-2.4,-0.1
Andrei Kirilenko,PF,kirilan01,32.0,45.0,857.0,12.4,0.532,0.031,0.744,7.7,12.7,10.2,13.1,2.4,1.9,20.3,14.6,0.4,0.9,1.3,0.07,-1.9,1.8,-0.1,0.4
Andrew Bogut,C,bogutan01,29.0,67.0,1769.0,17.0,0.61,0.0,0.171,11.4,29.7,20.7,9.3,1.3,5.2,19.4,12.4,2.4,4.0,6.5,0.176,-1.2,5.6,4.4,2.8
Andrew Bynum,C,bynuman01,26.0,17.3333333333,344.0,16.6333333333,0.457,0.0,0.247666666667,13.9333333333,26.0,20.0666666667,10.1666666667,0.4,3.9,12.6,28.2,-0.133333333333,0.4,0.266666666667,0.0456666666667,-4.6,-0.1,-4.63333333333,-0.1
Andrew Nicholson,PF,nichoan01,24.0,76.0,1174.0,9.9,0.489,0.212,0.136,5.1,19.5,12.3,3.5,0.8,1.5,10.3,19.3,-0.4,1.0,0.6,0.025,-4.7,-2.0,-6.7,-1.4
Andris Biedrins,C,biedran01,27.0,6.0,45.0,2.4,0.412,0.0,6.0,5.0,39.7,21.8,0.0,0.0,0.0,35.5,5.7,-0.1,0.0,0.0,-0.033,-10.7,-4.3,-15.0,-0.1
Antawn Jamison,PF,jamisan01,37.0,22.0,248.0,7.8,0.408,0.446,0.272,4.2,19.9,12.3,4.1,1.8,0.9,6.4,19.6,-0.3,0.4,0.1,0.019,-4.6,-1.4,-6.0,-0.2
Anthony Bennett,PF,bennean01,20.0,52.0,663.0,6.9,0.425,0.236,0.307,8.1,18.4,13.1,4.0,1.6,1.0,15.5,20.3,-1.1,0.7,-0.4,-0.028,-5.8,-1.5,-7.3,-0.9
Anthony Davis,C,davisan02,20.0,67.0,2358.0,26.5,0.582,0.009,0.438,10.0,23.3,16.6,8.0,2.0,6.7,8.3,25.2,7.2,3.2,10.4,0.212,2.3,2.2,4.5,3.9
Anthony Morrow,SG,morroan01,28.0,76.0,1426.0,13.9,0.57,0.375,0.167,2.3,9.2,5.7,6.7,1.4,0.7,8.4,19.4,2.1,0.3,2.4,0.081,0.8,-3.1,-2.4,-0.1
Anthony Randolph,PF,randoan01,24.0,43.0,527.0,12.2,0.499,0.347,0.392,4.1,21.0,12.5,9.1,2.4,2.7,15.9,19.8,-0.1,0.7,0.6,0.055,-3.1,1.3,-1.8,0.0
Anthony Tolliver,PF,tollian01,28.0,64.0,1298.0,11.0,0.605,0.805,0.134,2.9,11.8,7.3,5.0,0.8,0.9,6.6,12.4,1.9,1.3,3.2,0.117,0.8,-0.5,0.3,0.8
Archie Goodwin,SG,goodwar01,19.0,52.0,533.0,10.3,0.507,0.216,0.329,5.3,13.0,9.2,5.7,1.9,1.6,18.7,19.4,-0.3,0.5,0.2,0.018,-3.9,-0.4,-4.3,-0.3
Arinze Onuaku,PF,onuakar01,26.0,3.33333333333,20.0,1.36666666667,0.187333333333,0.0,0.3,5.6,23.3666666667,14.3,9.9,0.0,0.0,10.5,10.0,0.0,0.0,0.0,-0.0796666666667,-8.93333333333,-2.06666666667,-11.0,0.0
Arnett Moultrie,PF,moultar01,23.0,12.0,187.0,6.7,0.448,0.0,0.132,6.1,14.4,10.1,1.5,2.1,1.7,14.8,10.7,-0.1,0.1,0.0,0.007,-6.4,-0.5,-7.0,-0.2
Aron Baynes,C,baynear01,27.0,53.0,491.0,9.7,0.467,0.0,0.129,13.6,19.4,16.6,9.9,0.2,0.7,17.3,19.2,-0.1,0.6,0.6,0.055,-3.7,-0.3,-4.0,-0.2
Arron Afflalo,SG,afflaar01,28.0,73.0,2552.0,16.0,0.574,0.297,0.332,1.4,10.2,5.8,16.9,0.7,0.1,11.2,23.3,4.3,1.0,5.3,0.099,1.7,-2.3,-0.6,0.9
Austin Daye,SF,dayeau01,25.0,14.6666666667,98.6666666667,8.96666666667,0.411333333333,0.562,0.168333333333,4.66666666667,16.7333333333,10.8666666667,8.43333333333,1.06666666667,1.5,4.8,22.7333333333,-0.0666666666667,0.133333333333,0.1,0.02,-2.56666666667,-1.9,-4.46666666667,-0.0333333333333
Austin Rivers,PG,riverau01,21.0,69.0,1339.0,11.6,0.482,0.209,0.365,2.2,9.1,5.6,18.7,1.8,0.6,12.3,21.3,0.2,0.4,0.6,0.023,-1.5,-2.5,-3.9,-0.7
Avery Bradley,PG,bradlav01,23.0,60.0,1855.0,12.7,0.51,0.242,0.136,2.9,11.2,6.9,8.1,1.7,0.5,9.9,23.2,0.4,1.4,1.8,0.046,-1.1,-1.4,-2.5,-0.2
Ben Gordon,SG,gordobe01,30.0,19.0,279.0,6.4,0.422,0.269,0.194,1.2,9.8,5.5,12.2,1.9,0.6,15.2,22.9,-0.7,0.3,-0.3,-0.058,-5.9,-1.0,-6.8,-0.3
Ben McLemore,SG,mclembe01,20.0,82.0,2187.0,7.7,0.485,0.437,0.211,2.7,9.5,6.1,5.8,1.0,0.7,11.5,16.9,-0.1,0.9,0.8,0.016,-1.8,-1.3,-3.2,-0.6
Beno Udrih,SG,udrihbe01,31.0,27.3333333333,428.666666667,13.7,0.561333333333,0.199,0.217333333333,1.23333333333,7.73333333333,4.43333333333,24.9666666667,1.63333333333,0.833333333333,19.6666666667,18.5,0.333333333333,0.2,0.533333333333,0.078,-1.36666666667,-2.36666666667,-3.76666666667,-0.133333333333
Bernard James,C,jamesbe01,28.0,30.0,146.0,8.5,0.503,0.043,0.478,12.0,21.2,16.6,2.8,1.1,4.5,26.4,11.8,0.0,0.2,0.1,0.04,-4.8,1.1,-3.7,-0.1
Bismack Biyombo,C,biyombi01,21.0,77.0,1072.0,13.3,0.606,0.0,0.618,11.0,27.6,19.3,1.1,0.3,6.3,17.9,9.6,1.1,2.1,3.2,0.144,-4.7,2.2,-2.5,-0.1
Blake Griffin,PF,griffbl01,24.0,80.0,2863.0,23.9,0.583,0.032,0.496,7.7,21.2,14.7,19.2,1.6,1.4,11.9,29.0,8.1,4.1,12.2,0.205,3.0,1.6,4.6,4.8
Boris Diaw,PF,diawbo01,31.0,79.0,1974.0,14.1,0.578,0.193,0.159,4.4,13.8,9.3,16.3,1.1,1.2,16.3,17.0,2.3,2.6,4.9,0.12,0.2,1.4,1.6,1.8
Bradley Beal,SG,bealbr01,20.0,73.0,2530.0,14.3,0.507,0.299,0.164,2.4,10.2,6.3,16.0,1.4,0.6,9.4,24.3,1.6,2.4,4.0,0.076,0.2,-1.3,-1.1,0.5
Brandan Wright,C,wrighbr03,26.0,58.0,1077.0,23.5,0.695,0.0,0.32,11.0,15.1,13.1,4.7,1.5,4.2,8.5,17.4,4.1,1.0,5.1,0.227,3.1,0.6,3.6,1.5
Brandon Bass,PF,bassbr01,28.0,82.0,2266.0,15.0,0.549,0.008,0.33,7.8,15.9,11.8,6.4,0.8,2.4,10.9,18.2,3.2,1.9,5.1,0.107,-1.3,0.2,-1.2,0.5
Brandon Davies,PF,daviebr01,22.0,51.0,575.0,7.5,0.476,0.078,0.414,6.9,13.9,10.2,7.1,2.0,1.1,18.8,13.7,-0.3,0.4,0.1,0.008,-5.3,-0.6,-5.9,-0.6
Brandon Jennings,PG,jennibr01,24.0,80.0,2728.0,15.6,0.486,0.403,0.283,2.2,7.8,4.9,34.4,1.9,0.2,14.4,23.4,3.0,0.9,3.9,0.068,2.1,-2.6,-0.5,1.0
Brandon Knight,PG,knighbr03,22.0,72.0,2400.0,16.5,0.523,0.31,0.296,2.1,10.3,6.1,26.6,1.5,0.6,13.2,26.8,2.4,0.4,2.8,0.055,2.0,-2.9,-0.9,0.7
Brandon Rush,SG,rushbr01,28.0,38.0,418.0,4.1,0.428,0.522,0.056,1.3,11.1,6.1,8.5,0.6,1.7,17.8,12.3,-0.5,0.0,-0.4,-0.05,-5.0,-1.3,-6.3,-0.4
Brian Roberts,PG,roberbr01,28.0,72.0,1667.0,13.4,0.529,0.306,0.229,1.2,8.4,4.7,22.1,1.3,0.4,12.9,20.0,2.0,0.2,2.2,0.063,0.3,-3.2,-2.9,-0.4
Brook Lopez,C,lopezbr01,25.0,17.0,533.0,25.4,0.629,0.004,0.502,8.8,14.1,11.5,6.1,0.9,4.8,9.1,27.1,1.9,0.5,2.3,0.211,1.8,-0.7,1.1,0.4
Byron Mullens,C,mulleby01,24.0,30.0,276.0,12.2333333333,0.538666666667,0.547666666667,0.118,6.06666666667,17.9666666667,11.9333333333,5.5,1.8,2.03333333333,13.7666666667,20.9333333333,0.0333333333333,0.266666666667,0.3,0.052,-1.66666666667,-1.73333333333,-3.4,-0.0666666666667
C.J. McCollum,SG,mccolcj01,22.0,38.0,476.0,9.0,0.521,0.449,0.191,1.6,9.2,5.4,8.7,1.5,0.3,15.4,20.9,-0.2,0.3,0.2,0.019,-2.1,-2.0,-4.1,-0.3
C.J. Miles,SG,milescj01,26.0,51.0,984.0,16.0,0.569,0.516,0.183,2.0,9.9,5.9,9.1,2.4,1.3,9.1,22.0,1.5,0.9,2.5,0.122,2.0,-1.2,0.7,0.7
C.J. Watson,PG,watsocj01,29.0,63.0,1193.0,13.0,0.555,0.434,0.263,1.9,7.4,4.8,14.4,2.6,0.5,13.9,16.6,1.1,2.1,3.2,0.13,-0.3,0.8,0.5,0.7
Carl Landry,PF,landrca01,30.0,18.0,233.0,11.2,0.563,0.0,0.283,7.2,20.6,13.8,3.4,0.7,0.3,11.8,14.5,0.3,0.1,0.4,0.088,-3.0,-1.9,-4.9,-0.2
Carlos Boozer,PF,boozeca01,32.0,76.0,2141.0,14.4,0.489,0.002,0.197,7.4,25.9,16.8,10.9,1.3,0.8,12.6,26.3,-0.9,4.3,3.4,0.076,-4.0,0.6,-3.4,-0.7
Carmelo Anthony,PF,anthoca01,29.0,77.0,2982.0,24.4,0.561,0.253,0.329,5.6,19.4,12.3,15.8,1.7,1.5,9.5,32.4,8.1,2.5,10.7,0.172,4.6,-1.0,3.6,4.2
Caron Butler,SF,butleca01,33.0,37.3333333333,946.0,12.1666666667,0.518,0.474666666667,0.133,1.63333333333,16.4,8.96666666667,9.3,1.73333333333,0.966666666667,8.53333333333,19.6,0.433333333333,0.8,1.2,0.0676666666667,-0.6,-1.3,-1.93333333333,-0.0333333333333
Carrick Felix,SG,felixca01,23.0,7.0,38.0,13.3,0.603,0.357,0.286,2.9,15.1,8.9,18.2,0.0,0.0,20.2,23.2,0.0,0.0,0.0,0.057,-1.1,-3.5,-4.7,0.0
Cartier Martin,SF,martica01,29.0,39.3333333333,580.0,11.7333333333,0.628333333333,0.589,0.328,1.93333333333,11.7,6.86666666667,6.2,1.43333333333,0.433333333333,10.0333333333,14.9666666667,0.333333333333,0.533333333333,0.866666666667,0.102666666667,-0.6,-1.36666666667,-2.03333333333,-0.133333333333
Casper Ware,PG,wareca01,24.0,9.0,116.0,13.0,0.538,0.5,0.143,0.0,8.7,4.2,13.7,3.3,0.0,10.1,18.1,0.1,0.1,0.2,0.071,-1.1,-2.5,-3.6,0.0
Chandler Parsons,SF,parsoch01,25.0,74.0,2783.0,15.9,0.565,0.356,0.224,2.9,12.8,8.2,17.3,1.6,0.8,11.7,19.3,5.1,2.5,7.6,0.131,2.2,0.4,2.6,3.2
Channing Frye,PF,fryech01,30.0,82.0,2312.0,13.2,0.555,0.555,0.122,3.6,16.6,10.1,6.4,1.3,2.1,9.8,17.3,2.9,2.4,5.3,0.109,0.9,0.2,1.1,1.8
Charlie Villanueva,PF,villach01,29.0,20.0,180.0,12.7,0.469,0.609,0.152,3.5,17.9,10.3,5.5,1.1,2.2,6.7,25.0,0.0,0.1,0.1,0.034,-1.2,-4.0,-5.2,-0.1
Chase Budinger,SF,budinch01,25.0,41.0,751.0,9.7,0.505,0.472,0.154,2.7,12.5,7.5,6.2,1.2,0.2,8.1,16.7,0.3,0.6,0.9,0.059,-1.3,-1.3,-2.6,-0.1
Chauncey Billups,SG,billuch01,37.0,19.0,309.0,5.3,0.427,0.608,0.152,1.3,8.9,4.9,18.7,1.3,0.3,22.9,15.1,-0.3,0.1,-0.3,-0.042,-3.8,-2.4,-6.3,-0.3
Chris Andersen,C,anderch01,35.0,72.0,1396.0,18.5,0.683,0.044,0.615,12.1,21.7,17.1,2.1,1.2,6.1,13.2,13.8,3.8,2.2,6.0,0.205,0.1,1.5,1.6,1.3
Chris Babb,SG,babbch01,23.0,14.0,132.0,3.7,0.367,0.9,0.0,3.3,11.5,7.3,3.3,2.3,0.0,9.1,11.1,-0.1,0.1,0.0,-0.008,-3.7,-0.7,-4.4,-0.1
Chris Bosh,C,boshch01,29.0,79.0,2531.0,19.0,0.597,0.229,0.285,5.1,20.3,13.0,5.8,1.7,2.7,10.4,22.6,4.6,3.4,8.0,0.152,0.5,0.0,0.5,1.6
Chris Copeland,SF,copelch01,29.0,41.0,265.0,17.6,0.621,0.675,0.12,3.1,10.1,6.8,12.6,0.6,2.0,10.2,23.7,0.6,0.4,1.0,0.186,3.5,-2.1,1.4,0.2
Chris Douglas-Roberts,SF,douglch01,27.0,49.0,1016.0,12.2,0.588,0.524,0.325,1.8,11.5,6.6,7.9,1.5,1.2,11.1,14.7,1.1,1.2,2.4,0.113,-0.3,0.4,0.1,0.5
Chris Johnson,SF,johnsch04,23.0,40.0,789.0,10.8,0.537,0.593,0.201,4.3,9.8,7.0,6.0,1.8,0.4,8.6,14.3,0.9,0.5,1.4,0.085,0.1,-0.9,-0.8,0.2
Chris Kaman,C,kamanch01,31.0,39.0,736.0,17.0,0.537,0.009,0.197,7.8,25.4,16.6,14.1,0.7,3.9,16.4,26.7,-0.2,0.7,0.5,0.036,-3.1,0.7,-2.4,-0.1
Chris Paul,PG,paulch01,28.0,62.0,2171.0,25.9,0.58,0.244,0.397,2.0,11.4,6.9,48.9,3.5,0.1,12.4,23.7,9.0,3.2,12.2,0.27,6.8,0.6,7.4,5.2
Chris Singleton,SF,singlch01,24.0,25.0,250.0,8.8,0.481,0.284,0.373,8.2,17.5,12.8,3.5,1.9,1.0,17.9,17.2,-0.2,0.3,0.2,0.033,-4.8,-0.9,-5.6,-0.2
Chris Smith,PG,smithch05,26.0,2.0,2.0,0.0,,,,0.0,0.0,0.0,0.0,0.0,0.0,,0.0,0.0,0.0,0.0,-0.02,-5.8,-0.5,-6.2,0.0
Chris Wright,SF,wrighch01,25.0,8.0,126.0,16.5,0.577,0.029,0.429,8.8,9.4,9.1,6.9,2.9,3.2,10.7,16.7,0.2,0.1,0.3,0.102,-0.4,0.2,-0.2,0.1
Chuck Hayes,C,hayesch01,30.0,40.6666666667,502.666666667,10.3333333333,0.468333333333,0.006,0.198333333333,10.9666666667,20.7333333333,15.8,6.4,2.5,1.2,18.4333333333,10.4,0.133333333333,0.766666666667,0.933333333333,0.085,-2.9,2.33333333333,-0.566666666667,0.2
Cody Zeller,C,zelleco01,21.0,82.0,1416.0,13.1,0.498,0.002,0.495,9.4,18.8,14.1,10.4,1.5,2.3,15.0,18.9,0.4,2.2,2.6,0.09,-3.2,1.8,-1.3,0.2
Cole Aldrich,C,aldrico01,25.0,46.0,330.0,19.1,0.62,0.0,0.492,12.8,33.8,23.0,6.4,1.3,8.1,19.5,13.0,0.6,0.6,1.2,0.178,-2.6,3.8,1.2,0.3
Corey Brewer,SF,breweco01,27.0,81.0,2609.0,12.7,0.55,0.261,0.281,2.6,6.2,4.3,7.9,2.9,0.9,10.4,16.5,2.4,2.7,5.2,0.095,0.4,1.3,1.7,2.4
Cory Joseph,SG,josepco01,22.0,68.0,936.0,14.7,0.558,0.143,0.362,4.0,8.7,6.4,17.2,1.9,1.1,12.3,16.9,1.6,1.3,2.9,0.148,0.0,0.6,0.6,0.6
Courtney Lee,SG,leeco01,28.0,52.6666666667,1315.33333333,13.9666666667,0.573666666667,0.309666666667,0.170333333333,1.73333333333,9.5,5.56666666667,9.63333333333,1.76666666667,1.23333333333,10.2333333333,17.5,1.86666666667,1.26666666667,3.13333333333,0.109333333333,0.3,-0.266666666667,0.0666666666667,0.8
D.J. Augustin,PG,augusdj01,26.0,47.3333333333,1292.66666667,11.4,0.512333333333,0.461,0.294666666667,0.6,6.36666666667,3.5,25.5333333333,1.2,0.0666666666667,17.1333333333,21.5666666667,2.53333333333,1.6,4.13333333333,0.0693333333333,-0.566666666667,-2.66666666667,-3.26666666667,0.8
D.J. Stephens,SG,stephdj01,23.0,3.0,15.0,16.1,0.47,0.0,0.143,7.4,31.6,19.1,0.0,0.0,0.0,0.0,22.4,0.0,0.0,0.0,0.067,-7.6,-10.1,-17.7,-0.1
D.J. White,PF,whitedj01,27.0,2.0,10.0,2.4,0.0,0.0,0.0,0.0,22.7,11.3,0.0,5.2,0.0,0.0,4.6,0.0,0.0,0.0,0.004,-10.3,3.4,-6.9,0.0
Damian Lillard,PG,lillada01,23.0,82.0,2937.0,18.6,0.568,0.425,0.327,1.3,9.2,5.3,25.1,1.1,0.5,11.5,25.0,7.8,1.8,9.6,0.157,4.4,-1.7,2.7,3.5
Damion James,G-F,jamesda01,26.0,5.0,50.0,4.1,0.304,0.222,0.222,2.4,23.8,13.5,7.5,0.0,1.4,9.2,9.8,-0.1,0.1,0.0,0.01,-6.7,1.2,-5.5,0.0
Daniel Orton,C,ortonda01,23.0,22.0,251.0,10.5,0.54,0.0,0.638,6.6,20.2,13.1,8.5,1.2,5.1,23.0,13.2,0.0,0.2,0.3,0.049,-5.7,1.6,-4.1,-0.1
Danny Granger,SF,grangda01,30.0,27.3333333333,564.666666667,11.2666666667,0.508333333333,0.414666666667,0.207666666667,4.26666666667,12.6,8.6,7.5,0.733333333333,1.53333333333,11.6,21.0333333333,0.0666666666667,0.8,0.866666666667,0.0726666666667,-1.93333333333,-1.0,-2.93333333333,-0.133333333333
Danny Green,SG,greenda02,26.0,68.0,1651.0,13.9,0.58,0.63,0.125,1.8,13.4,7.8,8.9,2.0,2.7,12.5,16.7,1.4,2.8,4.2,0.122,1.2,2.1,3.3,2.2
Dante Cunningham,PF,cunnida01,26.0,81.0,1635.0,12.6,0.474,0.01,0.132,7.3,14.9,11.0,7.7,1.9,2.7,7.2,15.1,0.9,2.0,2.9,0.085,-2.2,2.1,-0.1,0.8
Darius Johnson-Odom,SG,johnsda03,24.0,3.0,15.0,-23.0,0.0,0.429,0.286,0.0,15.0,7.2,8.5,3.2,0.0,20.2,27.9,-0.2,0.0,-0.2,-0.661,-22.4,-3.0,-25.5,-0.1
Darius Miller,SF,milleda01,23.0,45.0,723.0,9.0,0.55,0.464,0.217,1.4,7.0,4.2,8.7,1.7,1.0,10.8,12.8,0.6,0.2,0.8,0.055,-0.7,-1.7,-2.3,-0.1
Darius Morris,PG,morrida01,23.0,13.5,156.5,7.625,0.44975,0.4325,0.2315,2.825,7.425,5.125,19.2,2.1,0.0,19.575,17.2,-0.05,0.125,0.025,-0.006,-3.4,-2.025,-5.4,-0.15
Darrell Arthur,SF,arthuda01,25.0,68.0,1161.0,9.4,0.459,0.156,0.151,4.8,14.7,9.8,8.0,1.6,3.0,11.7,18.1,-0.5,1.2,0.7,0.029,-3.8,1.0,-2.8,-0.2
Darren Collison,PG,collida01,26.0,80.0,2069.0,16.2,0.575,0.272,0.323,2.6,7.3,5.0,21.9,2.2,0.6,14.3,19.7,3.8,2.0,5.9,0.136,1.4,-0.4,1.0,1.6
David Lee,PF,leeda02,30.0,69.0,2288.0,19.1,0.566,0.001,0.302,8.8,21.6,15.3,10.9,1.0,0.9,12.0,24.3,4.1,3.5,7.6,0.16,-0.1,0.8,0.8,1.6
David West,PF,westda01,33.0,80.0,2472.0,17.5,0.533,0.016,0.267,5.7,18.3,12.3,16.1,1.3,2.3,11.2,21.9,3.1,5.0,8.1,0.157,-0.6,2.7,2.0,2.5
DeAndre Jordan,C,jordade01,25.0,82.0,2870.0,18.2,0.63,0.0,0.726,13.3,29.3,21.6,3.7,1.4,5.4,15.3,12.4,5.3,5.8,11.1,0.186,-0.1,4.2,4.1,4.4
DeAndre Liggins,SG,liggide01,25.0,1.0,1.0,129.1,1.0,0.0,0.0,100.0,0.0,62.8,0.0,0.0,0.0,0.0,47.8,0.0,0.0,0.0,2.123,47.8,-23.1,24.8,0.0
DeJuan Blair,PF,blairde01,24.0,78.0,1214.0,17.3,0.557,0.005,0.308,13.3,21.6,17.5,8.9,2.5,1.4,14.7,19.6,1.8,1.5,3.4,0.133,-0.2,0.8,0.6,0.8
DeMar DeRozan,SG,derozde01,24.0,79.0,3017.0,18.4,0.532,0.149,0.448,2.0,11.3,6.6,18.9,1.5,0.7,9.5,28.0,5.8,3.0,8.8,0.141,1.4,-0.7,0.7,2.0
DeMarcus Cousins,C,couside01,23.0,71.0,2298.0,26.1,0.555,0.006,0.5,10.6,30.5,20.4,17.8,2.4,3.2,14.7,32.7,4.1,3.8,7.9,0.166,1.9,2.9,4.7,3.9
DeMarre Carroll,SF,carrode01,27.0,73.0,2341.0,13.9,0.575,0.417,0.22,5.3,14.5,10.0,8.9,2.3,0.7,10.1,15.2,3.2,2.6,5.8,0.119,1.0,1.1,2.1,2.4
Dennis Schroder,PG,schrode01,20.0,49.0,641.0,5.8,0.442,0.223,0.229,0.9,9.9,5.4,22.0,1.3,0.0,22.8,19.0,-1.1,0.4,-0.7,-0.054,-6.2,-2.1,-8.3,-1.0
Derek Fisher,SG,fishede01,39.0,81.0,1428.0,10.1,0.542,0.634,0.197,1.0,8.3,4.8,11.6,2.5,0.2,11.1,13.7,1.4,1.7,3.1,0.103,0.0,-0.5,-0.5,0.5
Deron Williams,PG,willide01,29.0,64.0,2059.0,17.6,0.564,0.374,0.302,0.9,8.9,4.9,32.8,2.4,0.5,15.0,21.8,3.8,1.5,5.4,0.125,2.7,-1.5,1.2,1.6
Derrick Favors,PF,favorde01,22.0,73.0,2201.0,19.0,0.556,0.001,0.38,10.1,23.7,16.7,7.3,1.8,3.8,12.9,20.8,2.9,2.3,5.1,0.112,-0.8,1.4,0.7,1.5
Derrick Rose,PG,rosede01,25.0,10.0,311.0,9.7,0.446,0.287,0.195,3.3,8.3,5.9,26.2,0.9,0.2,16.0,31.5,-0.6,0.4,-0.2,-0.036,-2.8,-2.3,-5.1,-0.2
Derrick Williams,PF,willide02,22.0,11.0,162.0,7.6,0.442,0.278,0.296,2.0,15.9,8.7,0.9,1.2,1.9,8.9,17.6,-0.1,0.2,0.0,0.008,-6.0,-1.7,-7.7,-0.2
Derrick Williams,SF,willide02,22.0,67.0,1658.0,11.9,0.533,0.196,0.568,4.6,15.8,10.1,5.1,1.4,0.8,11.6,16.1,1.4,1.1,2.5,0.073,-1.7,-0.4,-2.1,-0.1
Derrick Williams,SF-PF,willide02,22.0,78.0,1820.0,11.5,0.524,0.205,0.537,4.3,15.8,10.0,4.7,1.3,0.9,11.3,16.2,1.3,1.3,2.6,0.068,-2.1,-0.5,-2.6,-0.3
Devin Harris,PG,harride01,30.0,40.0,818.0,14.6,0.517,0.398,0.453,1.1,10.8,6.0,31.0,1.8,0.2,16.2,20.2,1.2,0.4,1.6,0.094,0.5,-2.1,-1.6,0.1
Dewayne Dedmon,C,dedmode01,24.0,15.5,195.0,6.7,0.44675,0.0,0.78875,7.825,19.775,13.65,1.525,0.6,3.425,12.3,13.175,0.05,0.25,0.3,0.0235,-7.15,-0.8,-7.95,-0.2
Dexter Pittman,C,pittmde01,25.0,2.0,3.0,13.1,0.0,0.0,2.0,100.0,0.0,57.9,0.0,0.0,0.0,0.0,28.5,0.0,0.0,0.0,-0.18,-5.4,-17.3,-22.7,0.0
Diante Garrett,PG,garredi02,25.0,71.0,1048.0,7.1,0.459,0.362,0.045,1.2,9.8,5.3,17.6,2.1,0.4,21.7,15.1,-1.1,0.3,-0.8,-0.036,-4.0,-1.2,-5.2,-0.8
Dion Waiters,SG,waitedi01,22.0,70.0,2072.0,14.0,0.508,0.252,0.237,1.7,9.0,5.3,18.2,1.6,0.7,12.3,26.9,0.3,1.3,1.6,0.037,-0.2,-1.8,-2.1,0.0
Dionte Christmas,SF,chrisdi01,27.0,31.0,198.0,11.1,0.489,0.5,0.387,7.4,14.1,10.8,5.8,0.5,1.1,7.6,17.4,0.2,0.1,0.3,0.083,-1.1,-2.5,-3.6,-0.1
Dirk Nowitzki,PF,nowitdi01,35.0,80.0,2628.0,23.6,0.603,0.258,0.295,1.8,20.0,10.9,14.2,1.4,1.4,7.5,26.9,8.6,2.3,10.9,0.199,4.1,-0.8,3.3,3.5
Donald Sloan,SG,sloando01,26.0,48.0,392.0,8.5,0.437,0.359,0.171,1.2,11.0,6.3,20.1,1.3,0.2,14.9,17.2,-0.3,0.6,0.3,0.039,-4.1,-0.7,-4.8,-0.3
Donatas Motiejunas,PF,motiedo01,23.0,62.0,952.0,10.7,0.504,0.284,0.324,7.4,18.2,13.1,5.5,1.0,1.6,12.7,17.8,0.3,1.0,1.4,0.069,-2.7,-0.8,-3.5,-0.4
Dorell Wright,SF,wrighdo01,28.0,68.0,984.0,11.9,0.524,0.68,0.232,3.2,17.5,10.5,9.4,1.2,1.1,10.6,16.2,0.9,1.0,1.9,0.091,-0.1,-0.3,-0.4,0.4
Doron Lamb,SG,lambdo01,22.0,53.0,695.0,7.5,0.543,0.563,0.225,1.3,6.7,4.0,9.3,0.8,0.1,13.3,13.3,0.3,0.2,0.5,0.036,-2.2,-2.4,-4.6,-0.4
Draymond Green,SF,greendr01,23.0,82.0,1797.0,12.7,0.498,0.359,0.268,5.3,19.3,12.4,11.9,2.8,3.0,15.1,14.8,0.7,3.8,4.5,0.119,-1.6,4.4,2.8,2.2
Drew Gooden,C,goodedr01,32.0,22.0,395.0,18.4,0.591,0.119,0.189,10.7,23.0,16.7,6.3,1.3,1.5,9.9,19.7,0.9,0.6,1.4,0.173,-0.2,-0.8,-0.9,0.1
Dwight Buycks,PG,buyckdw01,24.0,14.0,146.0,7.2,0.414,0.354,0.188,3.2,15.2,9.2,10.6,2.9,0.0,16.1,19.3,-0.2,0.2,0.0,-0.009,-4.8,0.2,-4.5,-0.1
Dwight Howard,C,howardw01,28.0,71.0,2396.0,21.3,0.6,0.009,0.798,11.4,27.9,20.1,9.3,1.2,4.0,17.5,24.0,4.0,4.1,8.0,0.161,-0.3,2.2,1.9,2.4
Dwyane Wade,SG,wadedw01,32.0,54.0,1775.0,22.0,0.588,0.042,0.339,4.4,12.3,8.5,25.5,2.3,1.4,15.5,27.9,3.5,2.0,5.5,0.149,1.9,0.3,2.3,1.9
E'Twaun Moore,SG,mooreet01,24.0,79.0,1506.0,11.1,0.513,0.353,0.149,2.2,8.1,5.1,11.8,2.0,0.7,10.2,16.4,0.6,1.1,1.7,0.055,-1.4,-0.8,-2.3,-0.1
Earl Clark,PF,clarkea01,26.0,36.0,512.0,10.4,0.462,0.412,0.235333333333,3.2,20.0,11.3666666667,3.86666666667,1.03333333333,4.23333333333,8.2,17.7666666667,-0.3,0.533333333333,0.2,0.038,-4.16666666667,-0.333333333333,-4.53333333333,-0.333333333333
Earl Watson,PG,watsoea01,34.0,24.0,161.0,2.1,0.47,0.636,0.364,3.4,6.6,5.0,22.0,1.6,0.4,57.1,8.1,-0.2,0.1,-0.1,-0.018,-5.1,-0.5,-5.6,-0.1
Ed Davis,PF,davised01,24.0,63.0,956.0,15.9,0.542,0.0,0.307,11.4,20.9,16.1,4.5,0.9,3.7,10.8,17.8,1.2,1.4,2.6,0.129,-1.9,0.5,-1.3,0.2
Ekpe Udoh,PF,udohek01,26.0,42.0,804.0,7.6,0.44,0.0,0.329,8.4,12.8,10.5,5.7,1.0,4.4,18.8,11.4,-0.4,0.4,0.0,0.0,-4.7,1.2,-3.5,-0.3
Elias Harris,SF,harriel01,24.0,2.0,11.0,7.6,0.0,0.0,0.0,9.7,0.0,4.9,11.4,4.4,0.0,0.0,4.0,0.0,0.0,0.0,0.018,-3.7,2.7,-0.9,0.0
Elliot Williams,SG,williel01,24.0,67.0,1157.0,8.7,0.519,0.371,0.353,2.7,9.7,6.1,9.4,1.5,0.2,14.9,16.7,0.0,0.3,0.3,0.014,-3.2,-2.6,-5.7,-1.1
Elton Brand,C,brandel01,34.0,73.0,1414.0,14.0,0.561,0.006,0.283,8.0,21.5,14.8,8.1,1.4,4.9,13.8,13.9,1.4,2.1,3.6,0.121,-2.7,3.1,0.5,0.9
Enes Kanter,C,kanteen01,21.0,80.0,2138.0,15.6,0.523,0.001,0.239,11.6,20.9,16.1,6.4,0.7,1.5,13.3,23.3,1.3,0.9,2.2,0.05,-2.1,-1.8,-3.9,-1.0
Eric Bledsoe,PG,bledser01,24.0,43.0,1416.0,19.6,0.578,0.252,0.426,2.1,13.8,8.0,27.0,2.4,0.8,17.8,24.9,2.6,1.6,4.1,0.14,2.3,0.6,2.9,1.8
Eric Gordon,SG,gordoer01,25.0,64.0,2057.0,14.9,0.54,0.316,0.273,1.7,7.7,4.7,16.6,1.9,0.5,12.8,23.2,2.0,0.5,2.5,0.058,1.2,-2.5,-1.2,0.4
Eric Maynor,PG,maynoer01,26.0,20.6666666667,218.0,6.26666666667,0.401,0.375666666667,0.142333333333,2.9,10.9666666667,6.8,21.8333333333,1.43333333333,0.833333333333,22.4333333333,18.0,-0.4,0.166666666667,-0.266666666667,-0.06,-5.9,-1.8,-7.63333333333,-0.333333333333
Erik Murphy,C,murpher01,23.0,24.0,62.0,0.2,0.231,0.231,0.0,3.7,10.8,7.3,4.9,0.0,5.0,13.3,11.2,-0.2,0.1,-0.1,-0.055,-9.8,1.8,-8.1,-0.1
Ersan Ilyasova,PF,ilyaser01,26.0,55.0,1478.0,13.8,0.486,0.226,0.225,8.0,18.8,13.3,8.4,1.6,0.4,8.7,21.3,0.9,0.8,1.6,0.053,-1.1,-2.1,-3.2,-0.5
Evan Fournier,SG,fournev01,21.0,76.0,1503.0,10.3,0.533,0.436,0.226,2.4,12.1,7.3,11.6,1.1,0.3,14.3,19.7,0.6,0.8,1.4,0.043,-0.9,-1.6,-2.5,-0.2
Evan Turner,SF,turneev01,25.0,54.0,1638.0,11.7666666667,0.49,0.146,0.236666666667,2.66666666667,15.2666666667,8.9,17.9666666667,1.23333333333,0.233333333333,14.2666666667,22.2333333333,-0.3,1.2,0.933333333333,0.0343333333333,-2.7,-0.866666666667,-3.56666666667,-0.7
Francisco Garcia,SF,garcifr01,32.0,55.0,1083.0,9.3,0.521,0.656,0.065,2.3,9.8,6.3,8.6,1.2,2.3,9.0,13.5,0.8,0.9,1.8,0.078,-0.3,0.1,-0.2,0.5
Gal Mekel,PG,mekelga01,25.0,31.0,292.0,5.4,0.4,0.233,0.14,2.0,8.6,5.3,30.1,0.7,0.3,25.4,19.0,-0.5,0.1,-0.4,-0.073,-5.7,-3.4,-9.2,-0.5
Garrett Temple,SG,templga01,27.0,75.0,638.0,7.8,0.431,0.206,0.305,3.8,8.7,6.2,15.8,2.8,1.4,20.8,14.3,-0.5,0.9,0.3,0.025,-4.6,1.0,-3.7,-0.3
Gary Neal,SG,nealga01,29.0,34.6666666667,742.666666667,12.5666666667,0.533666666667,0.379666666667,0.227,0.966666666667,8.33333333333,4.6,13.0,0.833333333333,0.0,10.9666666667,23.7,0.4,0.233333333333,0.633333333333,0.0446666666667,-0.566666666667,-3.86666666667,-4.46666666667,-0.466666666667
George Hill,PG,hillge01,27.0,76.0,2434.0,13.4,0.563,0.422,0.286,2.6,10.1,6.5,17.2,1.6,0.7,11.7,14.8,3.8,4.0,7.8,0.154,1.0,1.4,2.4,2.7
Gerald Green,SG,greenge01,28.0,82.0,2330.0,16.5,0.585,0.507,0.229,2.3,10.9,6.6,8.6,1.5,1.4,11.6,23.6,4.2,1.9,6.1,0.126,2.4,-1.4,1.0,1.8
Gerald Henderson,SG,hendege02,26.0,77.0,2461.0,13.1,0.507,0.124,0.332,1.4,12.9,7.1,13.9,1.1,1.0,9.6,22.1,0.8,2.8,3.6,0.071,-1.7,0.0,-1.7,0.2
Gerald Wallace,SF,wallage01,31.0,58.0,1416.0,10.0,0.543,0.278,0.439,2.8,14.5,8.5,14.9,2.7,0.8,26.1,11.6,-0.3,1.6,1.3,0.043,-2.5,2.2,-0.3,0.6
Giannis Antetokounmpo,SF,antetgi01,19.0,77.0,1897.0,10.8,0.518,0.282,0.483,4.6,16.3,10.2,12.1,1.7,2.6,19.4,15.0,0.1,1.1,1.2,0.031,-2.5,0.7,-1.8,0.1
Glen Davis,PF,davisgl01,28.0,45.3333333333,1108.0,12.3666666667,0.501,0.017,0.246,7.46666666667,16.5,12.0333333333,6.63333333333,1.8,1.46666666667,11.8666666667,18.7666666667,0.166666666667,1.16666666667,1.33333333333,0.0633333333333,-3.03333333333,0.366666666667,-2.66666666667,-0.133333333333
Glen Rice,SG,ricegl02,23.0,11.0,109.0,6.6,0.399,0.459,0.189,4.2,17.3,10.6,9.3,2.8,0.8,18.3,20.3,-0.3,0.2,-0.1,-0.043,-5.9,0.0,-5.8,-0.1
Goran Dragic,SG,dragigo01,27.0,76.0,2668.0,21.4,0.604,0.274,0.381,2.9,7.4,5.2,28.1,2.0,0.6,14.3,24.5,8.4,2.0,10.3,0.186,4.9,-1.1,3.9,4.0
Gordon Hayward,SF,haywago01,23.0,77.0,2800.0,16.2,0.52,0.271,0.369,2.5,14.0,8.0,24.1,2.1,1.1,15.0,23.1,2.2,1.5,3.6,0.062,1.0,0.0,1.0,2.1
Gorgui Dieng,C,dienggo01,24.0,60.0,818.0,16.5,0.534,0.004,0.41,13.4,26.9,20.0,7.2,1.8,4.6,16.8,16.8,0.7,1.5,2.2,0.129,-2.4,3.1,0.7,0.5
Greg Monroe,PF,monrogr01,23.0,82.0,2690.0,18.1,0.531,0.001,0.362,9.9,21.6,15.4,10.3,1.7,1.4,12.4,21.4,3.7,2.3,5.9,0.106,0.0,0.4,0.3,1.6
Greg Oden,C,odengr01,26.0,23.0,212.0,12.4,0.567,0.0,0.469,14.2,17.7,16.0,0.7,1.7,5.3,16.9,16.0,0.2,0.3,0.5,0.119,-3.3,-0.3,-3.6,-0.1
Greg Smith,C,smithgr02,23.0,11.0,100.0,13.7,0.629,0.0,0.179,13.0,16.8,15.0,0.0,0.5,1.5,14.2,15.4,0.2,0.1,0.2,0.119,-2.8,-4.7,-7.5,-0.1
Greg Stiemsma,C,stiemgr01,28.0,55.0,1007.0,9.7,0.584,0.008,0.262,8.2,18.0,13.0,5.0,1.8,4.7,24.4,8.1,0.5,1.0,1.5,0.072,-2.3,2.9,0.6,0.7
Greivis Vasquez,PG,vasqugr01,27.0,18.0,465.0,14.1,0.536,0.333,0.213,1.2,7.1,4.1,32.8,0.7,0.2,14.1,18.1,0.9,0.1,0.9,0.097,0.9,-3.8,-3.0,-0.1
Greivis Vasquez,SG,vasqugr01,27.0,61.0,1314.0,14.2,0.537,0.47,0.15,1.3,11.1,6.2,29.5,1.0,0.2,15.7,22.2,1.6,1.1,2.6,0.096,1.3,-2.2,-0.8,0.4
Greivis Vasquez,SG-PG,vasqugr01,27.0,79.0,1779.0,14.1,0.537,0.439,0.164,1.3,10.0,5.6,30.4,0.9,0.2,15.4,21.1,2.4,1.2,3.6,0.097,1.2,-2.6,-1.4,0.3
Gustavo Ayon,C,ayongu01,28.0,26.0,429.0,12.9,0.505,0.0,0.196,11.4,22.3,16.9,10.0,3.0,1.8,20.7,14.8,0.0,0.7,0.7,0.078,-3.2,3.0,-0.2,0.2
Hamady N'Diaye,C,ndiayha01,27.0,14.0,74.0,2.9,0.318,0.0,0.111,7.5,20.1,13.7,5.6,0.0,4.4,24.1,7.4,-0.1,0.1,0.0,-0.008,-6.7,2.1,-4.6,0.0
Harrison Barnes,SF,barneha02,21.0,78.0,2204.0,9.8,0.486,0.28,0.267,3.3,11.9,7.7,7.6,1.5,0.7,10.0,16.8,0.4,2.8,3.2,0.07,-2.3,0.9,-1.4,0.3
Hasheem Thabeet,C,thabeha01,26.0,23.0,192.0,2.6,0.536,0.0,0.217,5.6,17.4,11.7,0.7,1.0,3.8,35.7,9.0,-0.2,0.3,0.0,0.012,-6.8,1.0,-5.8,-0.2
Hedo Turkoglu,SF,turkohe01,34.0,38.0,392.0,11.3,0.492,0.459,0.165,3.2,21.4,12.6,11.9,2.4,2.0,12.0,15.0,0.1,0.7,0.8,0.095,-1.9,2.1,0.2,0.2
Henry Sims,C,simshe01,23.0,30.6666666667,583.333333333,14.7333333333,0.506333333333,0.00266666666667,0.406666666667,13.0,18.7,15.7666666667,8.2,1.56666666667,2.3,11.7666666667,17.4,0.966666666667,0.433333333333,1.4,0.100666666667,-1.93333333333,-0.0333333333333,-2.0,0.133333333333
Hilton Armstrong,C,armsthi01,29.0,15.0,97.0,17.0,0.48,0.0,0.842,21.8,31.0,26.5,7.1,2.1,3.1,18.7,14.5,0.1,0.2,0.3,0.162,-2.5,3.1,0.6,0.1
Hollis Thompson,SF,thompho01,22.0,77.0,1742.0,9.5,0.57,0.449,0.196,4.4,11.2,7.7,6.1,1.5,0.5,12.9,11.3,1.4,0.6,2.0,0.055,-1.8,-1.2,-3.0,-0.4
Ian Clark,SG,clarkia01,22.0,23.0,172.0,9.2,0.485,0.463,0.104,1.9,11.1,6.4,14.7,2.4,0.9,16.7,22.4,-0.2,0.1,-0.1,-0.025,-2.6,-2.1,-4.7,-0.1
Ian Mahinmi,C,mahinia01,27.0,77.0,1248.0,10.2,0.538,0.005,0.767,10.1,12.9,11.6,2.9,1.7,4.4,18.7,11.4,0.7,2.7,3.3,0.129,-3.3,3.6,0.3,0.7
Iman Shumpert,SG,shumpim01,23.0,74.0,1962.0,9.6,0.48,0.471,0.147,4.7,14.0,9.2,9.8,2.5,0.6,13.3,14.1,0.4,1.6,2.0,0.048,-0.8,0.7,-0.1,0.9
Isaiah Canaan,PG,canaais01,22.0,22.0,252.0,9.5,0.506,0.632,0.333,3.3,7.1,5.3,13.2,1.6,1.2,17.4,21.0,0.0,0.2,0.2,0.031,-1.4,-2.0,-3.4,-0.1
Isaiah Thomas,PG,thomais02,24.0,72.0,2497.0,20.5,0.574,0.332,0.371,2.1,7.5,4.7,32.2,1.9,0.3,14.3,26.3,6.4,1.3,7.7,0.149,5.0,-2.1,2.9,3.1
Ish Smith,PG,smithis01,25.0,70.0,1006.0,11.7,0.438,0.082,0.139,3.5,10.9,7.2,26.0,2.4,1.0,17.9,15.9,0.0,1.0,1.0,0.048,-2.7,0.5,-2.3,-0.1
J.J. Barea,PG,bareajo01,29.0,79.0,1471.0,11.6,0.471,0.352,0.152,1.2,10.5,5.7,32.7,0.9,0.0,15.2,23.9,-0.1,0.9,0.7,0.024,-0.9,-2.7,-3.6,-0.6
J.J. Hickson,PF,hicksjj01,25.0,69.0,1859.0,16.2,0.521,0.012,0.443,11.9,24.8,18.3,8.4,1.2,2.0,14.1,20.8,1.3,2.1,3.3,0.086,-1.7,0.8,-0.8,0.6
J.J. Redick,SG,redicjj01,29.0,35.0,987.0,16.6,0.598,0.465,0.266,1.0,7.1,4.2,12.6,1.4,0.2,8.6,21.8,2.3,0.7,3.0,0.147,2.9,-2.1,0.8,0.7
J.R. Smith,SF,smithjr01,28.0,74.0,2421.0,14.0,0.527,0.503,0.145,1.7,13.1,7.2,15.1,1.4,0.7,9.6,21.6,2.5,1.2,3.7,0.073,1.8,-1.6,0.1,1.3
JaVale McGee,C,mcgeeja01,26.0,5.0,79.0,10.2,0.455,0.0,0.026,13.6,9.6,11.6,4.4,0.6,6.5,17.2,25.0,-0.1,0.1,-0.1,-0.039,-5.8,-0.1,-5.9,-0.1
Jae Crowder,SF,crowdja01,23.0,78.0,1254.0,11.9,0.551,0.51,0.206,4.3,13.5,8.9,6.7,2.4,1.4,11.3,13.2,1.2,1.1,2.3,0.089,0.0,0.6,0.6,0.8
Jamaal Franklin,SG,frankja01,22.0,21.0,161.0,4.7,0.489,0.282,0.051,2.9,14.0,8.5,5.4,1.3,1.0,21.6,14.6,-0.2,0.2,0.0,-0.002,-5.1,-0.2,-5.4,-0.1
Jamaal Tinsley,PG,tinslja01,35.0,8.0,110.0,1.9,0.225,0.75,0.0,2.0,9.7,5.8,29.5,1.0,0.0,31.0,12.1,-0.3,0.0,-0.3,-0.122,-6.6,-3.1,-9.7,-0.2
Jamal Crawford,SG,crawfja01,33.0,69.0,2094.0,17.3,0.556,0.441,0.318,1.9,6.4,4.2,17.4,1.4,0.4,10.5,27.2,3.8,1.5,5.3,0.122,2.7,-2.6,0.2,1.2
Jameer Nelson,PG,nelsoja01,31.0,68.0,2179.0,13.9,0.515,0.523,0.15,1.5,10.5,6.0,35.1,1.2,0.2,17.3,20.1,1.6,1.2,2.8,0.062,1.1,-2.2,-1.1,0.5
James Anderson,SG,anderja01,24.0,80.0,2309.0,10.9,0.53,0.49,0.148,2.7,11.7,7.0,9.9,1.6,1.0,12.2,15.9,0.9,0.9,1.9,0.039,-1.2,-1.3,-2.5,-0.3
James Harden,SG,hardeja01,24.0,73.0,2777.0,23.5,0.618,0.401,0.552,2.6,10.7,6.9,27.3,2.1,0.8,15.0,27.8,10.1,2.7,12.8,0.221,6.2,-0.5,5.7,5.4
James Johnson,SF,johnsja01,26.0,52.0,956.0,18.5,0.552,0.282,0.292,7.4,13.2,10.3,18.2,2.3,5.0,16.0,20.0,1.4,1.6,3.0,0.15,1.3,3.2,4.5,1.6
James Jones,SF,jonesja02,33.0,20.0,236.0,15.4,0.666,0.794,0.162,1.1,10.8,6.1,5.8,0.7,1.5,5.2,15.6,0.6,0.1,0.7,0.147,2.9,-2.8,0.0,0.1
James Nunnally,SF,nunnaja01,23.0,8.66666666667,110.0,6.13333333333,0.441666666667,0.545,0.199,0.966666666667,12.8,6.8,6.76666666667,1.63333333333,1.06666666667,12.7,15.9333333333,-0.133333333333,0.0666666666667,-0.0666666666667,-0.027,-5.3,-1.86666666667,-7.16666666667,-0.133333333333
James Southerland,F,southja01,23.0,3.0,27.0,17.7,0.543,0.417,0.167,0.0,34.9,17.2,0.0,1.9,6.2,7.2,23.4,0.0,0.0,0.1,0.098,-5.3,-4.3,-9.6,-0.1
James Southerland,SF,southja01,23.0,2.5,16.5,-14.4,0.2205,0.3665,0.0665,0.0,15.75,7.75,0.0,0.85,2.8,2.95,35.9,-0.1,0.0,-0.05,-0.571,-20.6,-9.25,-29.85,-0.05
Jan Vesely,PF,veselja01,23.0,36.0,517.333333333,12.9,0.498333333333,0.0,0.323666666667,11.4666666667,16.3,13.8666666667,4.16666666667,3.5,3.56666666667,15.3,13.4,0.133333333333,0.933333333333,1.06666666667,0.0986666666667,-2.63333333333,3.33333333333,0.7,0.333333333333
Jannero Pargo,PG,pargoja01,34.0,29.0,242.0,18.9,0.554,0.508,0.093,0.5,8.9,4.7,40.3,3.0,0.3,17.5,28.4,0.2,0.4,0.5,0.105,3.1,-2.2,0.9,0.2
Jared Cunningham,SG,cunnija01,22.0,8.66666666667,53.3333333333,6.36666666667,0.429333333333,0.383,0.833,1.1,6.76666666667,3.93333333333,15.3,1.5,0.0,15.9,15.2666666667,0.0333333333333,0.0,0.0666666666667,0.0366666666667,-3.73333333333,-2.83333333333,-6.6,-0.0666666666667
Jared Dudley,SF,dudleja01,28.0,74.0,1729.0,8.9,0.541,0.503,0.13,2.4,7.7,5.1,8.6,1.2,0.4,10.6,13.5,1.2,1.2,2.4,0.068,-0.3,-0.4,-0.8,0.5
Jared Sullinger,PF,sullija01,21.0,74.0,2041.0,16.4,0.497,0.231,0.226,13.0,20.6,16.7,10.1,0.9,1.8,10.7,24.1,1.9,2.0,3.9,0.091,0.3,-0.6,-0.3,0.9
Jarrett Jack,PG,jackja01,30.0,80.0,2252.0,11.5,0.498,0.265,0.213,1.1,10.3,5.6,22.7,1.3,0.8,14.8,17.8,0.9,1.4,2.3,0.049,-1.4,-0.9,-2.3,-0.2
Jarvis Varnado,PF,varnaja01,25.0,16.0,226.0,5.86666666667,0.597,0.0,0.867,3.9,9.76666666667,6.7,3.8,0.933333333333,4.56666666667,10.8,7.76666666667,0.333333333333,0.2,0.533333333333,0.089,-4.63333333333,1.86666666667,-2.76666666667,0.0666666666667
Jason Collins,C,collija04,35.0,22.0,172.0,4.1,0.485,0.125,0.167,4.9,8.3,6.6,3.5,2.4,0.5,21.4,8.9,-0.1,0.1,0.1,0.017,-4.1,0.5,-3.6,-0.1
Jason Maxiell,PF,maxieja01,30.0,34.0,488.0,8.1,0.459,0.0,0.295,6.5,13.5,10.0,2.8,0.8,3.2,10.6,12.4,-0.1,0.4,0.3,0.029,-5.3,0.3,-5.0,-0.4
Jason Smith,PF,smithja02,27.0,31.0,830.0,12.4,0.495,0.0,0.177,7.0,18.5,12.7,5.6,0.7,2.9,8.4,18.2,0.5,0.4,0.9,0.054,-2.6,-0.9,-3.5,-0.3
Jason Terry,PG,terryja01,36.0,35.0,570.0,7.4,0.501,0.678,0.099,0.8,6.9,3.9,15.3,1.2,0.0,14.5,15.3,0.0,0.2,0.2,0.016,-1.4,-2.8,-4.2,-0.3
Jason Thompson,PF,thompja02,27.0,82.0,2007.0,11.1,0.523,0.0,0.292,8.5,21.3,14.8,4.1,0.8,2.3,14.5,14.4,0.9,1.7,2.7,0.064,-3.0,0.5,-2.5,-0.3
Jeff Adrien,PF,adrieje01,27.0,35.3333333333,640.666666667,16.9,0.554666666667,0.0,0.486,12.4,24.7333333333,18.4333333333,6.2,1.33333333333,3.33333333333,11.4333333333,15.8666666667,1.06666666667,0.733333333333,1.8,0.141666666667,-1.6,0.833333333333,-0.766666666667,0.166666666667
Jeff Ayres,PF,pendeje02,26.0,73.0,952.0,11.1,0.605,0.0,0.316,11.0,19.2,15.3,8.6,0.7,1.9,24.1,12.4,1.0,1.4,2.4,0.121,-1.6,2.1,0.5,0.6
Jeff Green,SF,greenje02,27.0,82.0,2805.0,13.1,0.52,0.338,0.304,2.1,13.6,7.7,8.4,1.0,1.3,11.1,23.6,1.3,2.0,3.3,0.057,-0.7,-1.3,-2.1,0.0
Jeff Teague,PG,teaguje01,25.0,79.0,2542.0,17.1,0.541,0.216,0.362,1.6,7.9,4.7,35.1,1.8,0.5,16.1,25.7,3.3,1.9,5.2,0.098,0.9,-2.0,-1.1,0.6
Jeff Withey,C,witheje01,23.0,58.0,684.0,15.2,0.59,0.008,0.566,8.2,17.4,12.7,5.6,1.1,6.1,11.0,12.0,1.2,0.6,1.8,0.128,-1.4,1.7,0.3,0.4
Jeffery Taylor,SF,tayloje03,24.0,26.0,629.0,5.9,0.436,0.307,0.216,2.7,8.1,5.4,5.7,1.1,0.6,9.5,19.4,-0.8,0.6,-0.2,-0.019,-4.2,-1.2,-5.4,-0.5
Jeremy Evans,SF,evansje01,26.0,66.0,1209.0,16.2,0.549,0.006,0.226,11.1,18.7,14.8,6.1,1.8,3.0,9.9,15.3,1.9,1.0,2.8,0.112,-0.9,0.8,-0.1,0.6
Jeremy Lamb,SG,lambje01,21.0,78.0,1538.0,13.4,0.522,0.406,0.105,2.1,11.3,6.9,11.8,1.8,1.4,8.7,20.1,1.4,1.8,3.3,0.102,-0.3,-0.9,-1.2,0.3
Jeremy Lin,PG,linje01,25.0,71.0,2054.0,14.3,0.572,0.346,0.4,2.0,7.8,5.1,22.3,1.6,1.0,18.4,20.4,2.8,1.6,4.4,0.103,0.6,-1.0,-0.4,0.8
Jeremy Tyler,C,tylerje01,22.0,41.0,398.0,13.0,0.532,0.0,0.414,10.9,21.6,16.1,3.3,0.8,4.5,15.9,19.1,0.1,0.4,0.5,0.064,-4.3,-0.8,-5.1,-0.3
Jermaine O'Neal,PF,onealje01,35.0,44.0,883.0,15.3,0.57,0.0,0.532,10.7,19.1,15.0,4.2,0.8,3.4,14.5,17.8,1.3,1.4,2.7,0.146,-2.5,1.2,-1.3,0.2
Jerryd Bayless,PG,bayleje01,25.0,48.0,1124.0,11.9333333333,0.495,0.344,0.196666666667,1.5,8.66666666667,5.03333333333,18.1666666667,1.83333333333,0.433333333333,10.5,20.1,0.733333333333,0.866666666667,1.6,0.07,-0.4,-1.4,-1.83333333333,0.0666666666667
Jimmer Fredette,SG,fredeji01,24.0,32.6666666667,346.0,14.5666666667,0.565666666667,0.372666666667,0.086,1.83333333333,10.3666666667,6.1,18.9333333333,0.966666666667,0.333333333333,15.4333333333,25.3333333333,0.366666666667,0.2,0.533333333333,0.0676666666667,-0.133333333333,-3.4,-3.6,-0.0333333333333
Jimmy Butler,SG,butleji01,24.0,67.0,2591.0,13.5,0.522,0.346,0.488,3.9,10.5,7.2,11.1,2.6,1.1,10.8,16.8,2.4,4.6,7.1,0.131,0.0,2.4,2.4,2.9
Joakim Noah,C,noahjo01,28.0,80.0,2820.0,20.0,0.531,0.003,0.419,11.6,24.5,18.2,26.4,1.9,3.3,17.0,18.7,4.5,6.6,11.2,0.19,1.1,5.5,6.6,6.1
Jodie Meeks,SG,meeksjo01,26.0,77.0,2556.0,14.7,0.601,0.453,0.289,1.3,6.9,4.1,8.5,2.1,0.1,9.9,19.1,3.8,0.7,4.5,0.084,2.2,-1.4,0.7,1.8
Joe Johnson,SG,johnsjo02,32.0,79.0,2575.0,15.5,0.564,0.397,0.192,2.2,10.3,6.3,15.0,1.0,0.3,9.8,22.3,3.9,1.0,4.9,0.091,2.0,-2.2,-0.1,1.2
Joel Anthony,C,anthojo01,31.0,22.0,124.0,8.06666666667,0.404666666667,0.0,0.271333333333,8.6,15.0333333333,11.8333333333,1.16666666667,0.6,6.23333333333,9.0,9.53333333333,0.0,0.1,0.1,0.0453333333333,-6.1,0.966666666667,-5.16666666667,-0.0666666666667
Joel Freeland,C,freeljo01,26.0,52.0,727.0,11.3,0.498,0.012,0.179,13.2,17.6,15.4,7.1,0.7,2.1,15.5,12.4,0.7,0.7,1.4,0.093,-1.8,1.1,-0.7,0.2
John Henson,PF,hensojo01,23.0,70.0,1856.0,17.9,0.543,0.002,0.277,10.2,20.8,15.3,10.9,1.2,5.1,13.7,20.3,1.7,1.5,3.3,0.084,-1.0,1.4,0.3,1.1
John Jenkins,SG,jenkijo01,22.0,13.0,158.0,4.7,0.457,0.429,0.095,2.2,13.8,8.1,10.4,0.3,0.5,20.1,15.8,-0.2,0.1,-0.1,-0.043,-5.7,-1.8,-7.5,-0.2
John Lucas III,PG,lucasjo02,31.0,42.0,591.0,5.2,0.403,0.442,0.084,2.3,5.4,3.8,11.1,1.2,0.0,10.0,17.0,-0.7,0.0,-0.7,-0.058,-3.7,-3.3,-7.0,-0.7
John Salmons,SF,salmojo01,34.0,18.0,445.0,8.3,0.437,0.359,0.06,2.0,9.8,5.8,14.7,1.4,1.5,10.4,13.3,0.0,0.3,0.3,0.029,-2.2,0.0,-2.1,0.0
John Salmons,SG,salmojo01,34.0,60.0,1281.0,7.6,0.472,0.409,0.152,1.1,9.6,5.3,12.1,1.4,0.7,11.2,12.6,0.2,1.2,1.4,0.052,-2.2,0.1,-2.0,0.0
John Salmons,SG-SF,salmojo01,34.0,78.0,1726.0,7.8,0.462,0.395,0.126,1.3,9.6,5.5,12.8,1.4,0.9,11.0,12.8,0.2,1.4,1.7,0.046,-2.2,0.1,-2.1,0.0
John Wall,PG,walljo01,23.0,82.0,2980.0,19.5,0.524,0.23,0.295,1.5,11.7,6.5,40.5,2.6,1.1,16.3,27.4,4.0,4.0,7.9,0.128,2.4,0.2,2.6,3.4
Jon Leuer,PF,leuerjo01,24.0,49.0,642.0,17.6,0.566,0.199,0.191,6.8,22.4,14.6,5.2,1.5,1.7,9.2,21.1,1.1,0.9,2.0,0.149,-0.6,-0.9,-1.6,0.1
Jonas Jerebko,PF,jerebjo01,26.0,64.0,741.0,13.4,0.577,0.356,0.284,7.2,19.3,12.9,7.8,1.4,0.6,15.5,16.0,1.0,0.5,1.4,0.092,-0.7,-1.4,-2.1,0.0
Jonas Valanciunas,C,valanjo01,21.0,81.0,2282.0,16.1,0.579,0.001,0.385,11.5,25.1,18.2,4.2,0.5,2.5,14.7,18.5,3.5,3.2,6.7,0.141,-1.6,0.2,-1.4,0.3
Jordan Crawford,SG,crawfjo02,25.0,54.0,1239.33333333,13.9666666667,0.514666666667,0.363666666667,0.206666666667,1.7,9.36666666667,5.46666666667,23.4333333333,1.26666666667,0.2,13.3,24.1666666667,1.0,0.933333333333,1.86666666667,0.0673333333333,0.0333333333333,-2.26666666667,-2.23333333333,0.0666666666667
Jordan Farmar,PG,farmajo01,27.0,41.0,912.0,15.0,0.533,0.44,0.162,2.3,9.8,6.1,34.6,2.0,0.6,19.6,23.2,0.4,0.4,0.7,0.039,0.9,-2.0,-1.1,0.2
Jordan Hamilton,SF,hamiljo02,23.0,40.0,679.333333333,12.5333333333,0.510666666667,0.533666666667,0.140666666667,3.4,16.8666666667,10.2666666667,7.9,2.1,1.46666666667,10.7666666667,18.7333333333,0.266666666667,0.733333333333,1.06666666667,0.074,-0.9,-0.133333333333,-1.06666666667,0.2
Jordan Hill,PF,hilljo01,26.0,72.0,1500.0,19.3,0.579,0.002,0.347,13.8,24.3,19.0,5.9,0.9,3.1,11.1,19.7,3.1,1.3,4.4,0.141,-0.5,-0.2,-0.7,0.5
Jorge Gutierrez,PG,gutiejo01,25.0,15.0,244.0,8.7,0.523,0.222,0.222,1.5,9.3,5.4,19.4,2.2,0.3,19.1,14.1,0.1,0.2,0.2,0.048,-2.6,-0.8,-3.4,-0.1
Jose Calderon,PG,caldejo01,32.0,81.0,2468.0,15.2,0.596,0.568,0.084,1.4,7.6,4.5,22.4,1.4,0.4,11.7,16.2,5.4,0.8,6.3,0.122,3.3,-2.0,1.3,2.1
Josh Childress,SF,childjo01,30.0,4.0,24.0,3.9,,,,0.0,14.7,7.3,10.7,2.2,0.0,100.0,1.9,0.0,0.0,0.0,-0.003,-6.2,2.0,-4.3,0.0
Josh Harrellson,C,harrejo01,24.0,32.0,317.0,13.4,0.547,0.378,0.085,9.8,16.7,13.1,6.9,1.0,3.8,10.5,12.8,0.5,0.2,0.7,0.108,-0.5,0.2,-0.2,0.1
Josh McRoberts,PF,mcrobjo01,26.0,78.0,2360.0,13.8,0.548,0.514,0.15,4.0,13.8,8.9,21.9,1.3,1.5,12.1,13.4,3.5,3.0,6.5,0.132,1.3,1.6,2.9,2.9
Josh Powell,F,poweljo01,31.0,1.0,19.0,2.5,0.333,0.0,0.0,0.0,27.7,14.6,0.0,0.0,3.9,14.3,16.1,-0.1,0.0,0.0,-0.094,-13.4,-3.0,-16.4,-0.1
Josh Smith,SF,smithjo03,28.0,77.0,2730.0,14.1,0.463,0.215,0.244,3.9,17.6,10.4,15.0,1.9,3.2,12.7,24.5,-1.4,2.5,1.1,0.02,-1.7,1.1,-0.6,0.9
Jrue Holiday,PG,holidjr01,23.0,34.0,1143.0,17.1,0.505,0.17,0.139,2.8,11.8,7.2,38.9,2.6,0.9,17.9,23.3,0.8,0.7,1.5,0.064,1.5,-0.8,0.7,0.8
Julyan Stone,SG,stoneju01,25.0,21.0,120.0,6.6,0.491,0.471,0.176,1.9,17.6,9.7,14.5,1.3,0.0,21.4,8.8,0.0,0.1,0.2,0.061,-3.5,0.5,-3.0,0.0
Justin Hamilton,C,hamilju01,23.0,5.33333333333,48.0,8.16666666667,0.586,0.45,0.25,4.96666666667,3.43333333333,4.2,0.0,6.56666666667,0.0,42.4,15.5333333333,0.0666666666667,0.0666666666667,0.0666666666667,0.00133333333333,-4.9,2.13333333333,-2.76666666667,0.0
Kawhi Leonard,SF,leonaka01,22.0,66.0,1923.0,19.4,0.602,0.282,0.195,4.6,18.9,12.1,10.4,3.0,1.9,10.3,18.3,3.8,3.9,7.7,0.193,2.3,3.4,5.8,3.8
Keith Bogans,SG,boganke01,33.0,6.0,55.0,9.9,0.82,1.0,0.5,0.0,6.4,3.1,7.7,0.9,0.0,12.0,6.7,0.1,0.0,0.1,0.121,0.1,-2.2,-2.1,0.0
Kelly Olynyk,C,olynyke01,22.0,70.0,1400.0,15.2,0.546,0.227,0.243,11.0,18.8,14.8,13.1,1.3,1.5,16.0,21.0,1.5,1.4,2.9,0.101,0.3,0.2,0.5,0.9
Kemba Walker,PG,walkeke02,23.0,73.0,2614.0,16.8,0.499,0.286,0.295,1.7,11.6,6.6,29.7,1.7,1.0,11.6,25.8,1.8,3.3,5.1,0.093,1.6,0.2,1.7,2.4
Kendall Marshall,PG,marshke01,22.0,54.0,1564.0,12.6,0.494,0.425,0.086,1.0,9.6,5.3,44.3,1.5,0.2,25.6,16.3,0.6,0.3,0.9,0.029,-1.3,-3.2,-4.5,-1.0
Kendrick Perkins,C,perkike01,29.0,62.0,1207.0,6.3,0.474,0.005,0.347,8.0,19.9,14.2,7.6,1.1,2.2,28.8,11.5,-0.9,1.7,0.8,0.031,-4.7,2.1,-2.7,-0.2
Kenneth Faried,PF,farieke01,24.0,80.0,2178.0,19.8,0.573,0.004,0.379,11.8,22.2,16.9,7.5,1.6,2.3,12.4,21.3,4.0,2.5,6.5,0.144,0.3,0.9,1.2,1.8
Kent Bazemore,SG,bazemke01,24.0,44.6666666667,607.333333333,10.2333333333,0.502,0.379,0.328666666667,1.36666666667,12.8666666667,7.13333333333,14.7666666667,2.26666666667,1.16666666667,17.4,22.6666666667,-0.4,0.533333333333,0.133333333333,0.002,-2.9,-0.266666666667,-3.13333333333,-0.1
Kentavious Caldwell-Pope,SG,caldwke01,20.0,80.0,1583.0,9.4,0.483,0.402,0.133,2.5,8.6,5.4,5.0,2.4,0.6,5.4,13.9,1.0,0.8,1.8,0.055,-1.2,-0.8,-2.1,0.0
Kenyon Martin,PF,martike01,36.0,32.0,633.0,12.2,0.521,0.008,0.154,6.5,18.7,12.5,11.9,2.1,3.8,16.5,11.6,0.5,0.7,1.2,0.09,-2.0,3.1,1.1,0.5
Kevin Durant,SF,duranke01,25.0,81.0,3122.0,29.8,0.635,0.291,0.477,2.2,18.6,10.8,26.7,1.7,1.5,12.2,33.0,14.8,4.4,19.2,0.295,8.4,0.4,8.8,8.5
Kevin Garnett,C,garneke01,37.0,54.0,1109.0,13.3,0.467,0.008,0.132,6.5,32.1,19.3,12.4,2.0,3.0,15.5,18.9,-0.7,1.9,1.2,0.054,-4.7,2.8,-1.9,0.0
Kevin Love,PF,loveke01,25.0,77.0,2797.0,26.9,0.591,0.355,0.445,8.5,29.5,18.7,21.4,1.0,1.0,10.3,28.8,10.6,3.7,14.3,0.245,7.2,1.2,8.4,7.3
Kevin Martin,SG,martike02,30.0,68.0,2177.0,16.3,0.553,0.29,0.332,1.7,8.7,5.1,9.2,1.5,0.2,8.3,25.0,3.8,1.5,5.3,0.117,1.4,-2.0,-0.6,0.8
Kevin Seraphin,C,serapke01,24.0,53.0,578.0,12.5,0.533,0.0,0.141,10.5,15.3,12.8,4.9,0.3,3.7,14.9,21.5,0.2,0.6,0.8,0.066,-4.1,-1.2,-5.2,-0.5
Khris Middleton,SF,middlkh01,22.0,82.0,2460.0,12.5,0.541,0.34,0.16,2.7,12.0,7.2,11.7,1.8,0.7,11.9,19.1,1.9,0.8,2.7,0.053,0.1,-1.6,-1.5,0.3
Kirk Hinrich,PG,hinriki01,33.0,73.0,2116.0,10.8,0.494,0.391,0.202,1.7,8.5,5.2,22.6,2.0,1.0,15.1,17.3,0.4,3.3,3.8,0.085,-1.3,0.5,-0.8,0.6
Klay Thompson,SG,thompkl01,23.0,81.0,2868.0,14.3,0.555,0.425,0.147,1.5,7.9,4.7,10.2,1.3,1.0,9.2,22.6,3.5,3.2,6.7,0.112,1.3,-0.6,0.7,1.9
Kobe Bryant,SG,bryanko01,35.0,6.0,177.0,10.7,0.505,0.219,0.288,1.2,14.5,7.8,34.6,1.9,0.4,29.2,28.7,-0.5,0.1,-0.4,-0.097,-4.7,-1.3,-5.9,-0.2
Kosta Koufos,C,koufoko01,24.0,80.0,1349.0,16.5,0.514,0.0,0.203,14.0,22.7,18.4,4.7,1.3,4.4,11.8,19.4,1.3,2.2,3.5,0.124,-2.1,1.2,-0.9,0.4
Kris Humphries,PF,humphkr01,28.0,69.0,1376.0,18.2,0.552,0.004,0.312,10.2,24.0,16.9,8.2,1.2,3.4,10.9,19.0,2.3,1.8,4.1,0.143,-1.2,1.2,0.0,0.7
Kyle Korver,SG,korveky01,32.0,71.0,2408.0,13.5,0.653,0.644,0.154,1.1,12.4,6.8,13.3,1.5,0.8,13.6,14.2,3.9,2.0,5.9,0.118,2.0,0.2,2.2,2.5
Kyle Lowry,PG,lowryky01,27.0,79.0,2862.0,20.1,0.567,0.463,0.356,3.6,11.5,7.5,34.7,2.2,0.4,13.4,22.9,8.4,3.3,11.7,0.197,5.8,0.1,5.9,5.7
Kyle O'Quinn,C,oquinky01,23.0,69.0,1188.0,16.5,0.526,0.008,0.224,9.5,25.2,17.3,10.9,1.7,5.8,16.1,18.6,0.5,2.0,2.5,0.101,-3.1,3.6,0.5,0.8
Kyle Singler,SF,singlky01,25.0,82.0,2337.0,11.8,0.574,0.409,0.306,5.2,9.2,7.1,4.7,1.3,1.3,10.4,14.0,3.6,0.7,4.4,0.09,0.7,-0.8,-0.1,1.1
Kyrie Irving,PG,irvinky01,21.0,71.0,2496.0,20.1,0.533,0.278,0.273,2.3,9.5,5.8,31.6,2.2,0.8,12.1,28.2,4.6,2.1,6.7,0.128,4.1,-0.9,3.2,3.3
LaMarcus Aldridge,PF,aldrila01,28.0,69.0,2498.0,21.8,0.507,0.011,0.253,7.2,25.5,16.5,13.0,1.3,1.9,7.2,29.8,4.0,3.5,7.5,0.144,-0.4,0.7,0.3,1.5
Lance Stephenson,SG,stephla01,23.0,78.0,2752.0,14.7,0.564,0.28,0.226,4.1,18.1,11.4,22.1,1.0,0.2,18.0,19.4,2.6,4.8,7.4,0.13,0.7,1.7,2.3,3.0
Lance Thomas,SF,thomala01,25.0,5.0,42.0,0.5,0.279,0.0,0.444,5.4,14.0,9.7,9.7,0.0,0.0,15.7,13.8,-0.1,0.0,-0.1,-0.117,-8.0,-2.7,-10.7,-0.1
Landry Fields,SF,fieldla01,25.0,30.0,322.0,8.6,0.443,0.075,0.328,5.4,16.0,10.7,9.3,1.6,0.7,12.5,12.4,0.0,0.4,0.4,0.057,-3.9,0.9,-2.9,-0.1
Larry Sanders,C,sandela01,25.0,23.0,584.0,14.0,0.478,0.006,0.34,11.4,21.3,16.2,5.3,1.6,5.6,12.3,16.4,0.1,0.6,0.7,0.057,-3.3,1.6,-1.8,0.0
Lavoy Allen,PF,allenla01,24.0,43.3333333333,714.666666667,13.9666666667,0.485,0.0306666666667,0.203666666667,12.3,20.0333333333,16.1333333333,9.76666666667,1.03333333333,2.9,11.2666666667,15.4,0.4,0.6,1.0,0.0996666666667,-2.7,0.866666666667,-1.86666666667,-0.133333333333
LeBron James,PF,jamesle01,29.0,77.0,2902.0,29.3,0.649,0.226,0.432,3.6,18.9,11.5,32.0,2.2,0.8,14.4,31.0,12.3,3.7,15.9,0.264,8.0,0.9,8.9,8.0
Leandro Barbosa,PG,barbole01,31.0,20.0,368.0,11.5,0.506,0.191,0.298,1.5,9.7,5.6,13.4,1.0,0.8,11.4,20.0,0.2,0.2,0.4,0.058,-2.2,-1.8,-3.9,-0.2
Lorenzo Brown,PG,brownlo01,23.0,26.0,224.0,8.2,0.349,0.349,0.151,3.7,10.0,6.8,27.5,2.8,1.1,14.9,20.4,-0.5,0.2,-0.3,-0.068,-5.0,-1.8,-6.8,-0.3
Lou Amundson,PF,amundlo01,31.0,12.6666666667,123.333333333,6.1,0.446,0.0,0.75,11.5666666667,11.5,11.5666666667,3.13333333333,1.66666666667,3.33333333333,24.8,9.3,-0.0666666666667,0.133333333333,0.0666666666667,0.0256666666667,-4.7,1.73333333333,-2.96666666667,0.0
Lou Williams,PG,willilo02,27.0,60.0,1445.0,14.2,0.547,0.469,0.363,0.8,9.1,5.0,22.9,1.6,0.2,13.9,20.9,1.6,1.0,2.6,0.087,0.3,-2.1,-1.8,0.1
Luc Mbah a Moute,PF,mbahalu01,27.0,55.0,807.0,7.5,0.498,0.087,0.335,6.2,10.0,8.0,3.6,1.3,0.8,16.3,11.6,0.0,0.6,0.6,0.035,-3.6,0.3,-3.3,-0.3
Luc Mbah a Moute,PF-SF,mbahalu01,27.0,64.0,1003.0,8.3,0.503,0.088,0.347,6.0,10.1,8.0,5.1,1.5,1.1,15.2,11.2,0.2,0.8,1.0,0.049,-3.0,0.6,-2.4,-0.1
Luc Mbah a Moute,SF,mbahalu01,27.0,9.0,196.0,11.7,0.53,0.094,0.406,5.1,10.5,7.8,11.1,2.3,2.1,9.6,9.4,0.3,0.2,0.4,0.106,-0.9,2.1,1.1,0.2
Luigi Datome,SF,datomlu01,26.0,34.0,238.0,8.0,0.409,0.402,0.103,6.1,15.5,10.6,7.0,1.3,0.3,9.8,20.2,-0.2,0.1,-0.1,-0.023,-3.8,-3.2,-7.0,-0.3
Luis Scola,PF,scolalu01,33.0,82.0,1399.0,13.4,0.505,0.013,0.243,7.2,23.4,15.7,10.4,1.0,0.9,14.8,23.8,-0.4,2.8,2.5,0.084,-4.3,0.5,-3.8,-0.6
Luke Babbitt,PF,babbilu01,24.0,27.0,473.0,12.1,0.525,0.617,0.117,4.4,17.5,10.8,9.4,0.8,1.9,8.5,17.0,0.5,0.2,0.7,0.074,0.5,-1.9,-1.4,0.1
Luke Ridnour,PG,ridnolu01,32.0,40.6666666667,760.666666667,8.9,0.451666666667,0.337,0.0773333333333,2.26666666667,7.66666666667,4.9,24.0,1.43333333333,0.7,16.1333333333,16.1,-0.233333333333,0.266666666667,0.0666666666667,0.009,-2.73333333333,-2.13333333333,-4.86666666667,-0.6
Luol Deng,SF,denglu01,28.0,42.0,1475.33333333,15.4,0.518666666667,0.215333333333,0.315666666667,5.06666666667,13.6666666667,9.36666666667,15.1,1.46666666667,0.333333333333,10.6,22.6666666667,1.5,1.53333333333,3.03333333333,0.102333333333,0.4,-0.1,0.333333333333,0.8
Maalik Wayns,PG,waynsma01,22.0,2.0,9.0,19.3,0.5,0.0,0.0,0.0,23.9,12.3,31.7,11.1,0.0,0.0,9.8,0.0,0.0,0.1,0.313,2.0,9.2,11.2,0.0
Malcolm Thomas,PF,thomama01,25.0,5.33333333333,42.0,5.06666666667,0.397,0.194333333333,0.208333333333,8.7,35.5,22.4,3.93333333333,0.0,4.9,30.6,18.5,-0.166666666667,0.0333333333333,-0.1,-0.126333333333,-12.3333333333,-1.43333333333,-13.7666666667,-0.133333333333
Manny Harris,SG,harrima01,24.0,9.0,180.0,10.9,0.485,0.286,0.171,4.1,16.0,10.1,9.5,1.1,0.4,10.7,20.4,-0.1,0.1,0.0,0.002,-2.9,-2.0,-4.9,-0.1
Manu Ginobili,SG,ginobma01,36.0,68.0,1550.0,20.0,0.59,0.411,0.3,2.3,12.0,7.3,29.0,2.3,0.8,16.4,24.7,3.3,2.4,5.7,0.176,3.6,0.4,4.0,2.4
MarShon Brooks,SG,brookma01,25.0,17.5,158.0,16.75,0.52075,0.18425,0.3845,4.0,20.8,12.325,9.175,2.2,0.725,11.925,27.9,0.05,0.125,0.175,0.059,-4.2,-3.7,-7.925,-0.075
Marc Gasol,C,gasolma01,29.0,59.0,1970.0,18.2,0.526,0.015,0.339,5.0,20.5,12.7,17.7,1.6,3.2,12.0,21.7,2.6,3.1,5.6,0.137,0.0,2.9,2.9,2.4
Marcin Gortat,C,gortama01,29.0,81.0,2655.0,17.6,0.568,0.001,0.273,8.7,25.1,16.7,8.4,0.8,3.8,11.8,18.2,4.1,4.0,8.1,0.146,-1.1,2.1,1.0,2.0
Marco Belinelli,SF,belinma01,27.0,80.0,2016.0,15.0,0.605,0.422,0.188,1.0,11.2,6.3,13.2,1.3,0.3,11.2,19.0,3.5,2.4,5.9,0.14,1.9,-0.3,1.7,1.9
Marcus Morris,SF,morrima03,24.0,82.0,1800.0,14.8,0.552,0.399,0.244,5.2,14.6,9.9,7.6,2.0,0.8,11.6,19.9,2.3,1.8,4.2,0.111,0.6,-0.5,0.2,1.0
Marcus Thornton,SG,thornma01,26.0,48.0,1160.66666667,12.6,0.514,0.496666666667,0.18,3.7,9.63333333333,6.63333333333,7.5,1.8,0.5,8.9,20.4,0.666666666667,0.666666666667,1.33333333333,0.06,0.366666666667,-1.8,-1.46666666667,0.133333333333
Mario Chalmers,PG,chalmma01,27.0,73.0,2178.0,14.0,0.567,0.404,0.291,2.5,9.6,6.2,24.3,2.9,0.6,20.4,17.4,2.4,2.5,4.8,0.106,1.0,0.2,1.2,1.7
Markieff Morris,PF,morrima02,24.0,81.0,2153.0,18.4,0.564,0.128,0.387,7.3,18.0,12.6,10.9,1.6,1.8,12.9,23.2,4.0,2.4,6.4,0.143,0.5,0.4,1.0,1.6
Marquis Teague,SG,teaguma01,20.0,26.6666666667,295.333333333,4.06666666667,0.403666666667,0.151333333333,0.298,0.266666666667,10.3333333333,5.36666666667,20.7666666667,1.23333333333,0.866666666667,22.6,18.3,-0.666666666667,0.3,-0.366666666667,-0.0566666666667,-7.46666666667,-1.2,-8.66666666667,-0.5
Marreese Speights,C,speigma01,26.0,79.0,982.0,15.2,0.507,0.07,0.303,11.4,20.6,16.1,5.3,0.5,2.6,11.6,25.4,0.6,1.5,2.1,0.103,-3.9,-1.3,-5.2,-0.8
Martell Webster,SF,webstma02,27.0,78.0,2157.0,11.5,0.591,0.634,0.213,2.0,10.1,6.0,6.7,1.0,0.6,8.3,14.7,3.3,1.7,5.0,0.112,1.0,-1.1,-0.1,1.0
Marvin Williams,PF,willima02,27.0,66.0,1674.0,14.0,0.54,0.445,0.139,5.5,17.9,11.5,7.7,1.7,1.5,8.7,16.7,1.9,1.0,2.9,0.084,0.5,-0.3,0.2,0.9
Mason Plumlee,PF,plumlma01,23.0,70.0,1275.0,19.0,0.67,0.01,0.646,9.3,19.6,14.5,8.1,2.0,3.6,16.6,17.1,3.0,1.7,4.7,0.176,0.5,1.9,2.4,1.4
Matt Barnes,SF,barnema02,33.0,63.0,1735.0,12.0,0.552,0.537,0.171,4.0,14.4,9.3,10.6,1.6,1.2,13.0,16.6,1.5,2.0,3.5,0.097,0.7,0.8,1.5,1.5
Matt Bonner,PF,bonnema01,33.0,61.0,690.0,11.2,0.582,0.598,0.073,2.7,17.9,10.6,6.1,1.1,1.2,8.6,12.1,0.8,1.0,1.8,0.123,-0.4,0.7,0.3,0.4
Matthew Dellavedova,SG,dellama01,23.0,72.0,1271.0,10.7,0.534,0.524,0.162,2.5,8.5,5.4,22.1,1.3,0.3,15.9,13.2,1.4,0.7,2.1,0.078,-0.5,-1.7,-2.1,0.0
Maurice Harkless,SF,harklma01,20.0,80.0,1950.0,11.8,0.542,0.319,0.296,4.0,11.4,7.7,6.4,2.5,2.0,13.6,14.8,0.6,2.1,2.8,0.068,-1.6,1.4,-0.1,0.9
Melvin Ely,C,elyme01,35.0,2.0,27.0,3.9,0.5,0.0,0.0,0.0,4.4,2.2,0.0,0.0,3.1,0.0,10.1,0.0,0.0,0.0,0.011,-4.9,-2.8,-7.6,0.0
Metta World Peace,SF,artesro01,34.0,29.0,388.0,11.7,0.469,0.383,0.113,5.3,12.8,8.9,7.1,3.3,1.8,11.4,20.0,-0.2,0.4,0.3,0.032,-1.9,-0.1,-2.1,0.0
Meyers Leonard,C,leoname01,21.0,40.0,355.0,9.4,0.489,0.066,0.231,8.0,25.5,16.8,7.3,1.0,1.0,13.0,14.2,0.2,0.5,0.6,0.086,-3.6,0.4,-3.3,-0.1
Michael Beasley,SF,beaslmi01,25.0,55.0,831.0,16.8,0.559,0.152,0.223,4.9,20.5,13.0,8.8,1.5,2.2,12.8,25.7,0.5,1.1,1.6,0.092,-2.2,-1.2,-3.5,-0.3
Michael Carter-Williams,PG,cartemi01,22.0,70.0,2414.0,15.5,0.48,0.197,0.348,4.3,15.6,9.8,30.2,2.6,1.4,16.9,25.7,-0.8,2.1,1.3,0.026,-0.6,0.4,-0.2,1.1
Michael Kidd-Gilchrist,SF,kiddgmi01,20.0,62.0,1502.0,12.0,0.516,0.025,0.521,8.2,16.2,12.2,5.4,1.5,2.1,12.1,15.2,0.9,2.2,3.1,0.098,-2.7,1.7,-0.9,0.4
Mike Conley,PG,conlemi01,26.0,73.0,2446.0,20.0,0.545,0.283,0.268,2.0,8.4,5.2,30.1,2.4,0.4,11.5,24.6,5.5,2.7,8.2,0.161,4.1,-0.7,3.4,3.3
Mike Dunleavy,SF,dunlemi02,33.0,82.0,2584.0,12.6,0.549,0.419,0.212,2.1,13.0,7.6,12.3,1.3,1.4,11.3,17.0,2.4,4.1,6.5,0.121,-0.3,1.1,0.7,1.8
Mike Harris,PF,harrimi01,30.0,20.0,225.0,15.3,0.576,0.033,0.443,7.4,9.5,8.4,3.6,3.7,2.4,13.1,17.1,0.3,0.2,0.5,0.116,-1.4,0.6,-0.7,0.1
Mike James,PG,jamesmi01,38.0,11.0,77.0,1.5,0.251,0.238,0.095,0.0,10.2,5.2,34.1,1.4,0.0,18.6,16.1,-0.2,0.1,-0.1,-0.073,-8.6,-2.1,-10.6,-0.2
Mike Miller,SF,millemi01,33.0,82.0,1707.0,12.5,0.619,0.526,0.126,2.1,12.3,7.2,11.5,0.8,0.2,14.1,14.7,2.6,1.4,3.9,0.111,1.0,-1.0,0.1,0.9
Mike Muscala,PF,muscami01,22.0,20.0,215.0,10.8,0.48,0.041,0.192,9.2,18.7,14.0,5.2,0.7,3.7,13.2,19.3,-0.1,0.2,0.2,0.04,-5.6,-0.4,-6.0,-0.2
Mike Scott,PF,scottmi01,25.0,80.0,1482.0,15.3,0.559,0.318,0.21,4.9,17.2,11.1,8.9,1.0,0.4,10.3,23.5,1.3,1.2,2.6,0.084,-0.7,-2.3,-3.0,-0.4
Miles Plumlee,C,plumlmi01,25.0,80.0,1964.0,14.6,0.529,0.0,0.239,11.3,24.4,17.9,3.3,1.3,3.5,15.4,16.2,1.2,2.8,4.0,0.098,-2.8,1.3,-1.5,0.2
Miroslav Raduljica,C,radulmi01,26.0,48.0,465.0,15.3,0.603,0.0,0.437,12.9,13.7,13.3,8.3,0.8,2.3,15.7,17.3,1.0,0.1,1.1,0.112,-0.6,-1.8,-2.3,0.0
Mirza Teletovic,SF,teletmi01,28.0,72.0,1396.0,14.3,0.559,0.66,0.117,5.2,17.6,11.4,7.1,1.1,1.4,8.8,20.5,1.6,1.1,2.7,0.094,1.5,-2.0,-0.5,0.5
Mo Williams,PG,willima01,31.0,74.0,1834.0,11.8,0.507,0.335,0.132,2.5,6.4,4.5,26.7,1.5,0.4,17.3,20.5,1.0,1.2,2.2,0.056,-0.2,-1.7,-2.0,0.0
Monta Ellis,PG,ellismo01,28.0,82.0,3023.0,16.8,0.532,0.164,0.336,1.5,9.8,5.6,24.8,2.4,0.6,15.2,26.0,2.8,2.1,4.9,0.078,0.6,-0.6,0.0,1.5
Mustafa Shakur,PG,shakumu01,29.0,3.0,11.0,-8.8,0.129,0.333,0.667,0.0,0.0,0.0,45.1,0.0,0.0,34.0,23.7,-0.1,0.0,-0.1,-0.347,-17.4,-12.5,-29.9,-0.1
Nando De Colo,SF,decolna01,26.0,31.3333333333,329.333333333,13.0666666667,0.522,0.348666666667,0.227666666667,3.46666666667,13.1333333333,8.43333333333,20.5666666667,2.23333333333,0.933333333333,17.2666666667,18.6666666667,0.2,0.466666666667,0.666666666667,0.0996666666667,-0.966666666667,0.533333333333,-0.466666666667,0.133333333333
Nate Robinson,PG,robinna01,29.0,44.0,866.0,15.6,0.544,0.402,0.222,2.6,7.5,5.0,21.3,2.0,0.3,12.1,23.5,1.3,0.5,1.8,0.101,1.9,-2.1,-0.2,0.4
Nate Wolters,PG,woltena01,22.0,58.0,1309.0,12.7,0.486,0.159,0.231,2.8,10.5,6.5,23.3,1.4,0.9,11.7,16.8,0.9,0.2,1.2,0.043,-1.4,-2.1,-3.4,-0.5
Nazr Mohammed,C,mohamna01,36.0,80.0,562.0,10.1,0.445,0.0,0.238,13.6,21.7,17.7,5.8,1.3,4.1,21.0,14.5,-0.4,1.2,0.8,0.07,-6.0,2.6,-3.3,-0.2
Nemanja Nedovic,SG,nedovne01,22.0,24.0,142.0,-1.7,0.306,0.462,0.205,2.3,9.1,5.8,12.1,0.0,0.5,23.4,17.2,-0.5,0.1,-0.4,-0.132,-8.9,-1.6,-10.6,-0.3
Nene Hilario,PF,hilarne01,31.0,53.0,1560.0,16.6,0.53,0.008,0.448,4.7,17.3,10.9,16.3,2.1,2.5,14.1,24.0,0.8,2.4,3.2,0.098,-1.6,1.8,0.2,0.9
Nick Calathes,SG,calatni01,24.0,71.0,1173.0,12.3,0.506,0.196,0.232,2.3,11.5,6.9,26.5,3.0,0.6,22.8,17.5,-0.1,1.6,1.5,0.062,-1.9,0.8,-1.1,0.3
Nick Collison,PF,collini01,33.0,81.0,1353.0,11.8,0.599,0.071,0.386,10.2,14.1,12.2,10.9,1.1,1.7,20.1,11.6,2.0,1.6,3.6,0.128,-0.5,1.1,0.6,0.9
Nick Young,SG,youngni01,28.0,64.0,1810.0,16.0,0.564,0.394,0.321,1.7,8.1,4.9,9.0,1.2,0.5,8.6,26.8,2.3,0.3,2.5,0.067,1.7,-3.6,-1.9,0.0
Nicolas Batum,SF,batumni01,25.0,82.0,2956.0,15.8,0.589,0.491,0.248,4.3,17.8,11.1,20.9,1.3,1.3,18.6,16.5,4.8,3.1,7.9,0.128,2.4,1.8,4.2,4.6
Nikola Pekovic,C,pekovni01,28.0,54.0,1663.0,20.7,0.582,0.0,0.355,13.1,17.6,15.3,5.2,0.9,1.1,9.4,22.9,4.3,1.5,5.9,0.169,1.4,-1.2,0.2,0.9
Nikola Vucevic,C,vucevni01,23.0,57.0,1812.0,18.8,0.536,0.0,0.197,11.5,27.6,19.5,10.2,1.7,2.0,12.9,21.8,1.8,2.6,4.4,0.116,-1.0,1.5,0.5,1.2
Norris Cole,PG,coleno01,25.0,82.0,2014.0,8.8,0.497,0.348,0.136,1.1,8.6,5.0,17.9,2.0,0.2,19.3,15.6,-0.5,1.7,1.2,0.029,-2.2,-0.8,-3.0,-0.5
O.J. Mayo,SG,mayooj01,26.0,52.0,1346.0,11.2,0.516,0.413,0.16,2.0,8.8,5.3,14.6,1.1,0.8,13.9,23.0,0.0,0.0,0.1,0.002,-0.7,-3.5,-4.2,-0.7
Ognjen Kuzmic,C,kuzmiog01,23.0,21.0,92.0,3.4,0.42,0.0,0.846,12.1,12.8,12.5,2.9,1.6,3.3,35.9,13.3,-0.2,0.1,0.0,-0.025,-7.5,2.3,-5.2,-0.1
Omer Asik,C,asikom01,27.0,48.0,968.0,14.0,0.57,0.0,0.663,12.3,30.1,21.7,3.8,0.7,2.8,19.4,13.8,1.0,1.5,2.4,0.121,-3.1,0.7,-2.4,-0.1
Omri Casspi,PF,casspom01,25.0,71.0,1283.0,12.9,0.528,0.429,0.298,5.1,16.8,11.3,10.5,1.7,0.8,13.4,18.3,1.0,1.4,2.4,0.091,-0.6,-0.2,-0.8,0.4
Orlando Johnson,SG,johnsor01,24.0,30.0,261.333333333,3.7,0.357666666667,0.398666666667,0.231333333333,3.2,10.3333333333,6.93333333333,8.76666666667,0.566666666667,0.733333333333,9.2,16.5333333333,-0.333333333333,0.333333333333,0.0666666666667,-0.035,-5.76666666667,-1.56666666667,-7.36666666667,-0.266666666667
Othyus Jeffers,G,jeffeot01,28.0,2.0,13.0,1.7,0.532,1.0,2.0,0.0,25.8,12.6,0.0,0.0,0.0,34.7,9.4,0.0,0.0,0.0,-0.02,-8.3,-3.7,-12.0,0.0
Othyus Jeffers,SG,jeffeot01,28.0,5.0,40.5,7.9,0.5875,0.2665,0.5335,3.0,17.3,10.3,3.35,0.0,0.0,5.7,8.05,0.05,0.0,0.1,0.1015,-2.8,-1.1,-3.9,0.0
Otto Porter,SF,porteot01,20.0,37.0,319.0,6.0,0.405,0.231,0.132,7.5,13.3,10.4,4.6,1.3,0.3,12.7,15.6,-0.4,0.3,0.0,-0.006,-5.4,-1.4,-6.8,-0.4
P.J. Tucker,SF,tuckepj01,28.0,81.0,2490.0,13.3,0.54,0.311,0.327,7.3,16.6,11.9,8.1,2.2,0.7,12.7,14.2,3.3,2.8,6.1,0.117,0.7,1.6,2.3,2.7
Pablo Prigioni,PG,prigipa01,36.0,66.0,1283.0,13.0,0.642,0.733,0.063,3.2,8.8,5.9,25.6,2.8,0.1,23.4,9.3,2.5,0.9,3.4,0.127,1.5,-0.9,0.6,0.8
Patrick Beverley,PG,beverpa01,25.0,56.0,1751.0,12.4,0.545,0.53,0.212,4.9,7.4,6.2,12.8,2.2,1.0,11.2,14.8,2.7,1.6,4.2,0.116,1.9,0.6,2.5,2.0
Patrick Mills,PG,millspa02,25.0,81.0,1527.0,18.7,0.588,0.477,0.123,2.6,9.6,6.2,15.3,2.3,0.4,8.2,22.6,3.4,2.1,5.6,0.175,3.9,-0.6,3.3,2.0
Patrick Patterson,PF,pattepa01,24.0,43.3333333333,1022.0,13.7,0.516333333333,0.311333333333,0.142,8.83333333333,17.2666666667,13.0333333333,7.86666666667,1.83333333333,1.63333333333,11.0666666667,16.8333333333,1.2,1.3,2.53333333333,0.102333333333,-0.0666666666667,0.833333333333,0.733333333333,0.9
Pau Gasol,C,gasolpa01,33.0,60.0,1884.0,19.3,0.522,0.016,0.287,7.0,25.9,16.4,18.7,0.7,3.5,12.4,26.4,1.3,1.7,3.0,0.076,-1.0,1.6,0.6,1.3
Paul George,SF,georgpa01,23.0,80.0,2898.0,20.1,0.555,0.367,0.341,2.6,17.7,10.5,17.9,2.7,0.6,12.5,28.3,4.4,6.4,10.8,0.178,2.9,1.8,4.7,4.9
Paul Millsap,PF,millspa01,28.0,74.0,2482.0,19.8,0.545,0.202,0.373,7.2,21.9,14.6,16.2,2.6,2.5,13.2,25.7,2.7,4.0,6.7,0.129,0.7,2.4,3.1,3.2
Paul Pierce,SF,piercpa01,36.0,75.0,2098.0,16.8,0.595,0.421,0.435,1.5,18.3,9.9,14.5,2.2,1.2,15.3,22.4,2.9,2.3,5.2,0.119,1.3,0.2,1.5,1.8
Pero Antic,PF,anticpe01,31.0,50.0,925.0,11.7,0.545,0.582,0.224,7.2,18.9,13.1,9.8,1.0,1.0,14.5,18.6,0.5,0.9,1.4,0.075,-0.5,-0.9,-1.4,0.1
Perry Jones,PF,jonespe01,22.0,62.0,764.0,10.1,0.541,0.337,0.232,4.3,12.1,8.4,4.9,0.9,2.0,9.5,12.8,0.7,0.8,1.5,0.094,-2.0,-0.5,-2.5,-0.1
Peyton Siva,SG,sivape01,23.0,24.0,224.0,5.7,0.425,0.439,0.263,0.9,6.2,3.4,21.0,2.0,0.4,22.1,15.6,-0.2,0.1,-0.2,-0.032,-4.4,-2.8,-7.3,-0.3
Phil Pressey,PG,pressph01,22.0,75.0,1132.0,8.8,0.39,0.419,0.178,1.9,8.8,5.3,30.8,3.1,0.3,24.2,14.1,-1.0,1.1,0.1,0.005,-3.7,-0.6,-4.4,-0.7
Quincy Acy,SF,acyqu01,23.0,42.0,564.666666667,12.3,0.526666666667,0.180666666667,0.433666666667,9.5,19.4,14.3666666667,6.46666666667,2.0,2.93333333333,13.8666666667,11.4666666667,0.4,0.566666666667,1.0,0.117333333333,-1.6,2.1,0.5,0.133333333333
Quincy Miller,PF,millequ01,21.0,52.0,789.0,8.6,0.459,0.367,0.215,4.9,15.2,10.1,4.9,1.4,3.0,14.6,17.7,-0.7,0.7,0.0,0.002,-4.1,0.3,-3.8,-0.4
Quincy Pondexter,SG,pondequ01,25.0,15.0,270.0,10.3,0.52,0.43,0.329,4.4,7.0,5.7,11.0,1.0,0.3,14.2,18.0,0.2,0.2,0.4,0.063,-0.7,-1.9,-2.6,0.0
Rajon Rondo,PG,rondora01,27.0,30.0,998.0,15.3,0.461,0.257,0.191,2.4,16.6,9.3,47.7,2.1,0.2,20.7,21.3,0.2,1.0,1.1,0.054,0.2,-0.2,0.0,0.5
Ramon Sessions,PG,sessira01,27.0,55.3333333333,1476.0,16.2,0.544333333333,0.163666666667,0.529,1.93333333333,8.66666666667,5.23333333333,25.6666666667,1.13333333333,0.333333333333,13.4333333333,22.5666666667,2.1,0.8,2.86666666667,0.0966666666667,0.3,-2.4,-2.13333333333,-0.0666666666667
Randy Foye,SG,foyera01,30.0,81.0,2485.0,13.3,0.558,0.569,0.211,1.6,8.5,5.0,17.7,1.3,1.2,13.2,18.8,3.3,1.3,4.6,0.089,1.9,-1.0,0.9,1.8
Rashard Lewis,SF,lewisra02,34.0,60.0,971.0,10.7,0.535,0.568,0.14,3.2,10.7,7.1,8.5,2.9,0.7,12.3,14.1,0.5,1.1,1.7,0.083,-0.2,0.2,0.1,0.5
Rasual Butler,SG,butlera01,34.0,50.0,378.0,12.2,0.585,0.564,0.127,1.9,9.9,6.1,7.4,1.0,1.8,8.7,15.4,0.5,0.6,1.1,0.138,-0.6,-0.3,-0.9,0.1
Ray Allen,SG,allenra02,38.0,73.0,1936.0,12.8,0.59,0.569,0.214,1.6,11.4,6.7,11.1,1.5,0.4,12.4,16.8,2.5,1.5,4.1,0.101,1.3,-1.2,0.1,1.0
Ray McCallum,PG,mccalra01,22.0,45.0,897.0,9.7,0.439,0.197,0.143,2.2,7.8,5.0,21.0,1.2,0.8,10.9,17.6,0.0,0.4,0.4,0.02,-2.3,-1.7,-4.1,-0.5
Raymond Felton,PG,feltora01,29.0,65.0,2017.0,12.9,0.476,0.321,0.201,3.1,8.6,5.7,28.1,2.1,1.2,16.3,18.2,1.1,1.1,2.2,0.053,-0.1,-0.8,-0.9,0.5
Reggie Bullock,SF,bullore01,22.0,43.0,395.0,6.7,0.46,0.603,0.074,3.2,11.7,7.6,4.3,1.1,0.2,9.4,15.4,-0.2,0.3,0.2,0.019,-2.9,-1.8,-4.7,-0.3
Reggie Evans,PF,evansre01,33.0,36.0,599.333333333,11.5,0.511333333333,0.0,0.894333333333,14.8333333333,28.4,21.6,3.36666666667,2.06666666667,0.3,22.0666666667,13.4,0.233333333333,0.8,1.0,0.0776666666667,-3.66666666667,-0.166666666667,-3.8,-0.266666666667
Reggie Jackson,PG,jacksre01,23.0,80.0,2277.0,15.4,0.527,0.267,0.193,2.2,12.8,7.8,23.1,1.9,0.3,14.5,22.6,2.3,2.6,4.9,0.104,0.1,-0.5,-0.4,0.9
Reggie Williams,SF,willire02,27.0,3.0,17.0,16.4,0.611,0.333,0.0,0.0,0.0,0.0,11.5,3.0,0.0,18.2,28.7,0.0,0.0,0.0,0.034,-2.0,-6.2,-8.2,0.0
Richard Jefferson,SF,jefferi01,33.0,82.0,2213.0,11.8,0.573,0.46,0.248,0.9,10.8,5.7,9.6,1.3,0.5,11.5,16.9,2.3,0.4,2.7,0.058,0.3,-1.7,-1.4,0.3
Ricky Ledo,SG,ledori01,21.0,11.0,33.0,12.7,0.506,0.471,0.235,0.0,7.0,3.5,9.5,1.6,0.0,9.6,28.6,0.0,0.0,0.0,0.024,-1.6,-5.6,-7.2,0.0
Ricky Rubio,PG,rubiori01,23.0,82.0,2638.0,15.4,0.491,0.199,0.422,2.5,11.9,7.1,37.8,3.6,0.3,21.8,16.4,2.2,3.6,5.9,0.107,0.0,1.5,1.5,2.3
Robbie Hummel,SF,hummero01,24.0,53.0,655.0,9.6,0.492,0.503,0.09,5.7,16.6,11.0,5.0,1.2,0.2,5.2,12.6,0.6,0.6,1.1,0.084,-1.4,-0.7,-2.1,0.0
Robert Covington,SF,covinro01,23.0,7.0,34.0,15.0,0.571,0.786,0.0,6.9,9.3,8.2,0.0,2.9,0.0,6.7,19.3,0.1,0.0,0.1,0.122,1.3,-4.9,-3.6,0.0
Robert Sacre,C,sacrero01,24.0,65.0,1089.0,12.1,0.513,0.0,0.313,8.0,16.9,12.5,7.0,1.1,3.1,11.4,15.5,0.7,0.7,1.4,0.061,-3.1,0.7,-2.3,-0.1
Robin Lopez,C,lopezro01,25.0,82.0,2603.0,17.7,0.605,0.002,0.376,13.6,15.3,14.5,4.2,0.5,3.7,10.1,14.0,7.0,2.6,9.5,0.176,1.4,1.6,3.0,3.3
Rodney Stuckey,SG,stuckro01,27.0,73.0,1950.0,14.0,0.516,0.103,0.342,2.1,7.7,4.7,12.7,1.4,0.4,11.3,24.3,1.8,0.4,2.2,0.053,-1.2,-2.9,-4.1,-1.0
Roger Mason,SG,masonro01,33.0,25.0,260.0,8.2,0.528,0.716,0.104,0.5,9.8,5.3,10.5,1.2,0.3,11.4,14.5,0.1,0.2,0.3,0.055,-1.0,-2.4,-3.4,-0.1
Ronnie Brewer,SF,brewero02,28.0,16.0,106.666666667,2.3,0.22,0.533,0.133,1.0,5.3,3.26666666667,5.43333333333,1.26666666667,0.333333333333,11.2,3.3,-0.0666666666667,0.0666666666667,0.0,0.0123333333333,-5.5,1.13333333333,-4.36666666667,-0.0666666666667
Ronnie Price,SG,pricero01,30.0,31.0,377.0,7.6,0.379,0.467,0.141,2.4,10.5,6.5,25.6,3.4,0.4,21.0,15.0,-0.5,0.4,-0.1,-0.007,-4.0,0.3,-3.8,-0.2
Ronny Turiaf,C,turiaro01,31.0,31.0,606.0,13.9,0.578,0.0,0.467,9.6,22.0,15.6,5.7,0.7,6.3,15.7,10.7,0.6,0.9,1.5,0.122,-2.3,4.0,1.7,0.6
Roy Hibbert,C,hibbero01,27.0,81.0,2409.0,13.5,0.499,0.007,0.357,9.9,15.0,12.5,6.2,0.6,5.7,14.5,19.4,0.5,5.0,5.4,0.108,-3.4,3.3,-0.2,1.1
Royal Ivey,SG,iveyro01,32.0,2.0,5.0,-16.5,0.0,0.5,0.0,0.0,21.5,11.3,0.0,0.0,0.0,0.0,17.7,0.0,0.0,0.0,-0.362,-18.1,-6.6,-24.7,0.0
Royce White,PF,whitero03,22.0,3.0,9.0,-8.3,0.0,0.0,0.0,0.0,0.0,0.0,0.0,0.0,0.0,0.0,4.9,0.0,0.0,0.0,-0.121,-9.1,-1.3,-10.4,0.0
Rudy Gay,SF,gayru01,27.0,48.6666666667,1687.33333333,17.5333333333,0.525,0.169,0.315,5.06666666667,15.7333333333,10.3333333333,14.3,2.0,2.03333333333,14.1,28.3333333333,1.5,1.7,3.2,0.0753333333333,-0.233333333333,0.466666666667,0.233333333333,1.23333333333
Rudy Gobert,C,goberru01,21.0,45.0,434.0,12.9,0.507,0.0,0.878,13.1,28.5,20.6,2.4,1.0,7.4,23.8,14.2,-0.2,0.6,0.4,0.045,-6.1,1.8,-4.3,-0.3
Russell Westbrook,PG,westbru01,25.0,46.0,1412.0,24.7,0.545,0.271,0.37,4.6,15.9,10.5,40.2,3.1,0.4,16.1,34.4,3.0,2.3,5.2,0.178,5.2,1.2,6.4,3.0
Ryan Anderson,PF,anderry01,25.0,22.0,795.0,18.8,0.572,0.463,0.175,9.5,11.3,10.4,3.6,0.7,0.7,5.0,22.9,2.2,0.1,2.3,0.138,4.3,-4.5,-0.1,0.4
Ryan Gomes,SF,gomesry01,31.0,5.0,34.0,0.2,0.375,0.25,0.0,0.0,12.7,6.6,4.1,0.0,0.0,11.1,11.7,-0.1,0.0,0.0,-0.039,-7.2,-2.4,-9.6,-0.1
Ryan Hollins,PF,holliry01,29.0,61.0,482.0,11.9,0.73,0.0,0.778,7.4,13.1,10.4,2.4,0.9,4.9,23.1,11.5,0.7,0.6,1.3,0.126,-2.0,1.7,-0.3,0.2
Ryan Kelly,PF,kellyry01,22.0,59.0,1312.0,12.6,0.548,0.383,0.364,3.4,14.4,8.9,10.7,1.2,2.5,9.8,15.9,1.5,0.7,2.2,0.081,-0.5,0.3,-0.2,0.6
Samuel Dalembert,C,dalemsa01,32.0,80.0,1614.0,16.8,0.605,0.003,0.363,14.4,24.2,19.4,3.4,1.3,4.8,17.1,14.8,2.9,2.1,4.9,0.147,-0.9,1.5,0.6,1.1
Sasha Vujacic,SG,vujacsa01,29.0,2.0,10.0,1.5,0.5,0.4,0.0,0.0,32.2,16.7,0.0,5.0,0.0,37.5,35.3,-0.1,0.0,-0.1,-0.289,-16.7,-3.4,-20.1,0.0
Scotty Hopson,SG,hopsosc01,24.0,2.0,7.0,-6.5,0.102,0.5,0.5,0.0,0.0,0.0,18.8,7.4,0.0,0.0,31.1,-0.1,0.0,-0.1,-0.412,-12.9,-4.3,-17.2,0.0
Serge Ibaka,PF,ibakase01,24.0,81.0,2666.0,19.6,0.576,0.061,0.203,10.0,19.6,15.0,5.2,0.7,6.7,10.3,19.8,5.2,4.4,9.6,0.173,-0.4,2.3,1.9,2.6
Sergey Karasev,SF,karasse01,20.0,22.0,156.0,2.3,0.47,0.543,0.286,0.0,11.8,5.8,5.6,1.0,0.5,21.8,14.4,-0.2,0.1,-0.1,-0.041,-5.9,-1.6,-7.5,-0.2
Seth Curry,PG,curryse01,23.0,1.33333333333,8.66666666667,11.2333333333,0.5,0.333,0.0,0.0,7.2,3.5,0.0,6.46666666667,0.0,0.0,8.4,0.0,0.0,0.0,0.108,-3.03333333333,2.96666666667,-0.0666666666667,0.0
Shabazz Muhammad,SG,muhamsh01,21.0,37.0,290.0,13.1,0.505,0.089,0.323,8.8,11.2,10.0,3.4,1.4,0.3,10.2,23.1,0.1,0.2,0.3,0.053,-3.1,-3.1,-6.2,-0.3
Shane Battier,SF,battish01,35.0,73.0,1468.0,8.7,0.523,0.764,0.084,3.0,8.6,5.9,6.0,1.8,2.3,6.9,10.0,1.0,1.4,2.4,0.078,0.1,0.7,0.8,1.1
Shane Edwards,SF,edwarsh01,26.0,2.0,12.0,-1.0,0.333,0.0,0.0,9.1,9.6,9.3,0.0,0.0,0.0,25.0,14.9,0.0,0.0,0.0,-0.141,-10.5,-4.7,-15.2,0.0
Shane Larkin,PG,larkish01,21.0,48.0,489.0,8.3,0.446,0.277,0.182,2.6,7.3,5.0,20.4,2.7,0.2,20.9,17.4,-0.4,0.3,-0.1,-0.01,-3.5,-1.2,-4.7,-0.3
Shannon Brown,SG,brownsh01,28.0,19.3333333333,167.333333333,4.2,0.413666666667,0.0336666666667,0.318333333333,2.96666666667,9.83333333333,6.5,5.16666666667,2.5,0.0,19.3666666667,17.1,-0.333333333333,0.2,-0.166666666667,-0.055,-7.0,-0.333333333333,-7.33333333333,-0.2
Shaun Livingston,PG,livinsh01,28.0,76.0,1974.0,14.5,0.551,0.012,0.392,4.1,10.8,7.5,20.1,2.5,1.3,15.5,16.1,2.6,1.8,4.4,0.108,-0.5,1.1,0.6,1.3
Shavlik Randolph,PF,randosh01,30.0,14.0,95.0,7.7,0.531,0.0,0.786,8.3,21.2,14.8,1.4,1.6,0.8,21.0,11.0,0.0,0.1,0.1,0.06,-4.7,-0.6,-5.3,-0.1
Shawn Marion,SF,mariosh01,35.0,76.0,2409.0,13.7,0.537,0.229,0.092,6.4,17.4,11.9,7.6,1.9,1.3,11.4,15.7,2.2,2.1,4.3,0.086,0.0,1.1,1.1,1.9
Shawne Williams,PF,willish03,27.0,36.0,751.0,9.5,0.503,0.672,0.104,3.6,20.2,11.9,5.7,1.2,2.9,9.5,12.9,0.1,0.6,0.7,0.045,-1.9,0.7,-1.2,0.2
Shelvin Mack,PG,macksh01,23.0,73.0,1490.0,13.2,0.51,0.367,0.148,1.6,10.7,6.2,28.8,1.7,0.1,14.3,19.0,1.2,1.2,2.3,0.074,-0.7,-1.7,-2.4,-0.1
Solomon Hill,SF,hillso01,22.0,28.0,226.0,7.6,0.545,0.575,0.175,4.7,15.2,10.2,7.9,1.1,0.7,23.2,11.3,0.0,0.4,0.4,0.08,-3.3,1.0,-2.3,0.0
Solomon Jones,PF,jonesso01,29.0,11.0,85.0,5.8,0.373,0.0,0.235,10.6,10.7,10.7,3.4,1.2,1.8,9.6,11.1,0.0,0.1,0.0,0.013,-5.3,-0.2,-5.5,-0.1
Spencer Hawes,C,hawessp01,25.0,53.3333333333,1646.66666667,15.8666666667,0.557,0.349666666667,0.172,5.66666666667,24.1333333333,14.6,15.4,0.866666666667,3.03333333333,15.2666666667,19.7666666667,1.46666666667,1.53333333333,3.0,0.0923333333333,-0.2,0.9,0.7,1.03333333333
Stephen Curry,PG,curryst01,25.0,78.0,2846.0,24.1,0.61,0.445,0.252,1.8,10.9,6.4,39.9,2.2,0.4,16.1,28.3,9.3,4.0,13.4,0.225,7.4,0.0,7.4,6.7
Stephen Jackson,SF,jacksst02,35.0,9.0,107.0,0.1,0.27,0.538,0.154,2.2,8.0,5.2,6.2,2.8,0.7,17.8,13.9,-0.3,0.1,-0.2,-0.099,-6.8,0.9,-5.9,-0.1
Steve Blake,PG,blakest01,33.0,36.6666666667,998.666666667,10.8333333333,0.505666666667,0.605,0.113,0.933333333333,10.2666666667,5.63333333333,28.1666666667,1.76666666667,0.433333333333,21.2666666667,13.5666666667,0.466666666667,0.7,1.23333333333,0.061,-1.0,-0.6,-1.6,0.133333333333
Steve Nash,PG,nashst01,39.0,15.0,313.0,12.2,0.488,0.255,0.255,1.4,8.5,4.9,40.3,1.1,0.5,22.9,18.9,0.1,0.0,0.1,0.017,-2.5,-3.7,-6.2,-0.3
Steve Novak,PF,novakst01,30.0,54.0,540.0,11.1,0.599,0.836,0.041,1.7,10.8,6.3,3.8,1.2,0.6,3.3,12.9,1.0,0.5,1.4,0.127,1.1,-1.7,-0.5,0.2
Steven Adams,C,adamsst01,20.0,81.0,1197.0,11.2,0.541,0.0,0.735,14.1,17.1,15.6,4.9,1.7,3.9,22.5,11.7,0.9,1.9,2.9,0.114,-2.1,2.4,0.3,0.7
Taj Gibson,PF,gibsota01,28.0,82.0,2351.0,16.0,0.524,0.008,0.314,9.8,17.1,13.5,7.3,0.9,3.7,12.8,23.0,1.4,4.4,5.7,0.117,-2.6,1.4,-1.1,0.5
Tayshaun Prince,SF,princta01,33.0,76.0,1948.0,8.2,0.438,0.14,0.122,1.9,12.3,7.1,8.9,1.1,0.8,7.3,13.3,-0.2,1.8,1.5,0.038,-3.1,0.6,-2.6,-0.3
Terrence Jones,PF,joneste01,22.0,76.0,2078.0,19.1,0.577,0.142,0.274,9.2,18.5,14.1,7.0,1.3,3.5,8.2,18.3,4.6,2.7,7.3,0.169,0.9,1.3,2.2,2.2
Terrence Ross,SG,rosste01,22.0,81.0,2159.0,12.0,0.553,0.543,0.13,2.3,11.3,6.8,6.1,1.5,1.0,10.0,18.6,2.0,2.2,4.2,0.094,0.6,-0.7,-0.1,1.0
Thabo Sefolosha,SG,sefolth01,29.0,61.0,1584.0,10.4,0.517,0.447,0.203,3.7,11.5,7.8,8.3,2.5,0.9,12.9,11.9,0.9,2.1,3.0,0.092,-0.7,1.5,0.8,1.1
Thaddeus Young,PF,youngth01,25.0,79.0,2718.0,16.6,0.512,0.228,0.178,6.3,12.8,9.5,11.8,3.0,1.1,10.7,24.1,1.2,2.3,3.5,0.062,0.2,-0.4,-0.2,1.2
Thomas Robinson,PF,robinth01,22.0,70.0,873.0,14.1,0.502,0.003,0.345,13.1,24.6,18.9,6.0,1.3,1.6,14.5,19.7,0.4,1.2,1.6,0.09,-3.1,-0.1,-3.2,-0.3
Tiago Splitter,C,splitti01,29.0,59.0,1271.0,16.5,0.572,0.009,0.5,11.4,20.5,16.1,10.1,1.2,1.8,15.1,17.7,2.3,2.1,4.3,0.163,-0.1,2.1,1.9,1.3
Tim Duncan,C,duncati01,37.0,74.0,2158.0,21.3,0.535,0.006,0.349,8.6,28.3,18.8,16.0,1.0,4.6,13.2,25.2,2.8,4.6,7.4,0.164,-0.9,4.0,3.2,2.8
Tim Hardaway,SG,hardati02,21.0,81.0,1875.0,12.7,0.554,0.521,0.186,1.2,6.6,3.8,5.8,1.2,0.3,5.9,19.6,2.7,0.4,3.1,0.08,1.3,-3.5,-2.3,-0.1
Timofey Mozgov,C,mozgoti01,27.0,82.0,1770.0,16.7,0.584,0.044,0.477,10.4,21.9,16.1,5.5,0.7,4.2,15.6,18.8,2.6,1.9,4.5,0.123,-1.5,1.0,-0.5,0.7
Tobias Harris,PF,harrito02,21.0,61.0,1850.0,16.5,0.542,0.176,0.341,5.4,20.6,13.0,7.7,1.1,1.0,8.7,22.2,2.4,1.7,4.1,0.107,-0.7,-1.0,-1.7,0.1
Toney Douglas,PG,douglto01,27.0,34.0,450.0,8.86666666667,0.493,0.545333333333,0.174,3.2,11.5666666667,7.5,14.0666666667,1.43333333333,0.6,14.3,16.4666666667,0.133333333333,0.466666666667,0.6,0.0573333333333,-1.6,-0.833333333333,-2.46666666667,-0.0333333333333
Tony Allen,SG,allento01,32.0,55.0,1278.0,15.6,0.531,0.114,0.293,7.3,12.0,9.6,11.7,3.8,1.2,16.2,20.1,0.5,2.1,2.7,0.1,-0.1,2.4,2.3,1.4
Tony Mitchell,PF,mitchto02,21.0,21.0,79.0,18.1,0.54,0.083,1.583,19.7,16.0,18.0,3.4,3.8,3.0,16.4,13.2,0.1,0.1,0.2,0.151,-0.1,1.4,1.3,0.1
Tony Mitchell,SF,mitchto03,24.0,3.0,10.0,30.9,0.6,0.2,0.0,11.1,0.0,5.7,22.6,5.2,0.0,0.0,22.6,0.0,0.0,0.1,0.242,8.6,-2.1,6.5,0.0
Tony Parker,PG,parketo01,31.0,68.0,1997.0,18.9,0.555,0.073,0.266,1.0,7.5,4.4,31.7,0.9,0.3,12.9,26.5,3.9,1.9,5.9,0.141,1.3,-1.8,-0.5,0.8
Tony Snell,SG,snellto01,22.0,77.0,1231.0,8.0,0.489,0.53,0.122,1.8,9.6,5.7,9.1,1.3,0.9,11.1,14.9,-0.1,1.7,1.6,0.063,-2.9,-0.2,-3.0,-0.3
Tony Wroten,PG,wroteto01,20.0,72.0,1765.0,12.9,0.493,0.233,0.403,4.1,10.1,7.0,20.9,2.1,0.7,17.7,27.7,-1.8,0.9,-0.9,-0.025,-2.3,-2.3,-4.6,-1.2
Tornike Shengelia,SF,shengto01,22.0,17.3333333333,102.666666667,5.4,0.471333333333,0.154666666667,0.206333333333,2.2,10.3666666667,6.33333333333,15.7,1.63333333333,0.366666666667,25.4,13.3333333333,-0.133333333333,0.0333333333333,-0.1,-0.007,-5.63333333333,-0.466666666667,-6.1,-0.133333333333
Toure' Murry,PG,murryto01,24.0,51.0,373.0,11.1,0.479,0.093,0.302,4.0,10.1,6.9,21.5,2.7,0.2,18.9,22.5,-0.3,0.3,0.0,0.002,-3.4,-1.6,-4.9,-0.3
Travis Outlaw,SF,outlatr01,29.0,63.0,1065.0,10.4,0.492,0.359,0.16,3.8,14.2,8.9,7.0,1.0,1.4,6.9,15.5,0.8,0.6,1.4,0.062,-1.6,-0.9,-2.5,-0.1
Trevor Ariza,SF,arizatr01,28.0,77.0,2723.0,15.8,0.59,0.518,0.226,4.1,16.3,10.1,10.8,2.4,0.6,12.3,17.8,4.3,3.7,8.0,0.141,2.3,1.1,3.4,3.6
Trevor Booker,PF,booketr01,26.0,72.0,1553.0,15.0,0.563,0.005,0.189,10.9,17.5,14.1,6.3,1.4,2.4,11.7,14.4,2.3,2.0,4.3,0.132,-1.1,1.3,0.2,0.8
Trey Burke,PG,burketr01,21.0,70.0,2262.0,12.6,0.473,0.375,0.126,1.8,9.0,5.3,29.4,1.0,0.2,12.2,21.8,1.0,0.0,0.9,0.02,0.5,-3.0,-2.5,-0.3
Tristan Thompson,PF,thomptr01,22.0,82.0,2594.0,14.9,0.528,0.001,0.445,11.4,21.5,16.3,4.5,0.8,1.1,10.6,17.5,3.4,2.3,5.7,0.106,-1.5,-0.5,-2.0,0.0
Troy Daniels,SG,danietr01,22.0,5.0,75.0,16.0,0.677,0.806,0.0,0.0,5.6,3.0,11.4,0.0,0.0,8.8,19.9,0.2,0.0,0.2,0.15,4.3,-5.5,-1.2,0.0
Ty Lawson,PG,lawsoty01,26.0,62.0,2222.0,19.0,0.554,0.251,0.504,1.9,8.5,5.2,38.2,2.2,0.3,16.9,22.7,4.8,1.5,6.3,0.136,2.9,-1.2,1.7,2.1
Tyler Hansbrough,PF,hansbty01,28.0,64.0,978.0,14.2,0.562,0.01,0.944,14.2,20.0,17.1,2.7,1.5,1.6,14.5,15.1,1.7,1.4,3.0,0.149,-1.7,-0.2,-1.8,0.0
Tyler Zeller,C,zellety01,24.0,70.0,1049.0,15.4,0.581,0.003,0.417,10.8,19.6,15.1,5.6,0.9,3.0,14.9,17.1,1.5,1.1,2.6,0.12,-1.9,0.2,-1.7,0.1
Tyreke Evans,SF,evansty01,24.0,72.0,2028.0,18.4,0.504,0.106,0.346,4.3,15.4,9.8,30.4,2.2,0.9,14.5,27.1,1.8,1.3,3.1,0.073,1.2,-0.4,0.8,1.4
Tyshawn Taylor,PG,tayloty01,23.0,23.0,270.0,5.4,0.427,0.132,0.33,1.3,5.3,3.3,21.4,2.3,0.3,22.9,23.5,-0.7,0.2,-0.6,-0.098,-7.0,-2.7,-9.7,-0.5
Tyson Chandler,C,chandty01,31.0,55.0,1662.0,16.4,0.615,0.003,0.481,10.9,27.0,18.7,5.5,1.2,3.4,15.4,12.9,3.1,1.9,4.9,0.143,-0.6,1.8,1.3,1.4
Udonis Haslem,PF,hasleud01,33.0,46.0,653.0,10.5,0.523,0.0,0.301,8.4,24.7,16.8,2.9,0.9,2.0,12.7,13.9,0.3,0.8,1.1,0.083,-4.1,-0.7,-4.9,-0.5
Vander Blue,SG,blueva01,21.0,3.0,15.0,0.5,0.403,0.25,1.25,0.0,23.4,11.4,10.7,0.0,0.0,24.4,24.3,-0.1,0.0,-0.1,-0.214,-10.9,-3.1,-13.9,0.0
Viacheslav Kravtsov,C,kravtvi01,26.0,20.0,59.0,10.5,0.54,0.0,0.533,17.2,15.2,16.2,2.5,0.0,1.3,24.5,18.3,0.0,0.0,0.0,0.027,-4.1,-3.1,-7.2,-0.1
Victor Claver,SF,clavevi01,25.0,21.0,184.0,8.8,0.502,0.429,0.262,5.3,17.4,11.4,9.1,0.8,1.1,19.0,13.7,0.0,0.2,0.2,0.047,-3.0,0.0,-3.0,0.0
Victor Oladipo,PG,oladivi01,21.0,80.0,2487.0,13.6,0.514,0.241,0.34,1.9,13.1,7.5,21.9,2.7,1.2,19.2,24.4,-1.4,2.8,1.3,0.026,-1.6,0.8,-0.8,0.8
Vince Carter,SG,cartevi01,37.0,81.0,1973.0,15.9,0.539,0.457,0.242,4.0,12.6,8.3,16.5,1.6,1.5,10.7,23.1,3.0,1.3,4.3,0.105,2.2,-1.0,1.1,1.6
Vitor Faverani,C,favervi01,25.0,37.0,488.0,11.0,0.502,0.272,0.252,9.5,20.6,14.9,5.2,1.5,4.3,20.1,18.6,-0.3,0.7,0.3,0.031,-4.2,1.1,-3.1,-0.1
Wayne Ellington,SG,ellinwa01,26.0,45.0,393.0,12.2,0.554,0.468,0.087,2.4,10.2,6.3,7.1,2.1,0.4,7.8,16.4,0.4,0.2,0.7,0.084,0.0,-1.7,-1.7,0.0
Wesley Johnson,SF,johnswe01,26.0,79.0,2240.0,11.0,0.522,0.416,0.118,3.3,13.3,8.3,8.2,1.9,2.5,11.6,15.1,0.4,1.5,1.9,0.041,-1.1,1.3,0.2,1.2
Wesley Matthews,SG,matthwe02,27.0,82.0,2780.0,15.7,0.588,0.506,0.298,2.0,9.1,5.6,10.9,1.4,0.4,8.8,19.6,6.3,1.9,8.2,0.142,3.4,-0.9,2.4,3.1
Will Barton,SG,bartowi01,23.0,41.0,387.0,13.5,0.488,0.212,0.205,4.5,16.0,10.3,13.3,1.2,1.3,9.6,21.2,0.3,0.4,0.6,0.078,-1.9,-0.7,-2.7,-0.1
Will Bynum,PG,bynumwi01,31.0,56.0,1054.0,14.4,0.502,0.144,0.281,2.4,8.2,5.1,32.5,1.9,0.5,17.6,23.8,0.6,0.4,1.0,0.047,-0.7,-2.8,-3.5,-0.4
Willie Green,SG,greenwi01,32.0,55.0,869.0,7.1,0.477,0.446,0.125,1.6,8.2,5.0,8.3,1.3,1.0,10.6,16.3,-0.2,0.7,0.5,0.028,-2.6,-0.8,-3.4,-0.3
Wilson Chandler,SF,chandwi01,26.0,62.0,1927.0,12.4,0.526,0.476,0.206,3.2,13.3,8.2,9.3,1.2,1.2,8.9,19.5,1.8,1.2,3.1,0.076,0.7,-0.6,0.2,1.1
Xavier Henry,SF,henryxa01,22.0,43.0,908.0,12.3,0.511,0.235,0.513,2.9,10.5,6.7,8.8,2.4,0.6,11.9,23.1,-0.1,0.5,0.3,0.017,-2.2,-1.4,-3.6,-0.4
Zach Randolph,PF,randoza01,32.0,79.0,2705.0,18.3,0.51,0.017,0.281,11.6,23.3,17.4,12.7,1.1,0.7,12.0,26.1,2.9,3.5,6.4,0.113,0.1,0.4,0.4,1.7
Zaza Pachulia,C,pachuza01,29.0,53.0,1325.0,14.0,0.502,0.003,0.372,11.8,17.1,14.4,16.3,1.8,0.9,18.5,17.0,1.0,0.7,1.7,0.06,-1.0,0.3,-0.7,0.4
