,Player_ID,G,GS,MP,FG,FGA,FG%,3P,3PA,3P%,2P,2PA,2P%,eFG%,FT,FTA,FT%,ORB,DRB,TRB,AST,STL,BLK,TOV,PF,PTS,Player_ID1,Games,Min_Played,FG%,AVG_DIST_FGA,%FGA_2P,%FGA_0-3ft,%FGA_3-10ft,%FGA_10-16ft,%FGA_16ft<3,%FGA_3P,2P%,0-3_FG%,3-10_FG%,10-16_FG%,16<3_FG%,3P%,%ASTd_2P,%FGA_DUNK,DUNKS,%ASTd_3P,%_CORNER3PA,3P%_CORNER3,HEAVE_ATT,HEAVE_MD
0,priceaj01,261.0,25.0,15.1,2.1,5.5,0.38,0.8,2.6,0.316,1.3,2.9,0.439,0.456,0.8,1.1,0.742,0.3,1.2,1.4,2.2,0.5,0.0,0.9,0.9,5.8,priceaj01,261.0,3929.0,0.38,18.3,0.522,0.1,0.113,0.126,0.184,0.478,0.439,0.583,0.393,0.44,0.389,0.316,0.178,0.0,0.0,0.739,0.152,0.324,7.0,0.0
1,brookaa01,594.0,182.0,21.9,3.7,9.0,0.413,1.3,3.6,0.368,2.4,5.3,0.444,0.488,1.5,1.8,0.839,0.4,1.4,1.8,3.2,0.6,0.1,1.6,2.0,10.3,brookaa01,594.0,13016.0,0.413,15.2,0.595,0.241,0.14,0.091,0.121,0.405,0.444,0.506,0.392,0.427,0.393,0.368,0.167,0.001,3.0,0.663,0.141,0.413,43.0,2.0
2,gordoaa01,182.0,94.0,23.3,3.4,7.5,0.45,0.6,2.1,0.289,2.7,5.3,0.514,0.491,1.4,2.2,0.669,1.5,3.6,5.2,1.5,0.7,0.6,0.9,1.9,8.8,gordoaa01,182.0,4238.0,0.45,11.6,0.717,0.394,0.111,0.093,0.122,0.283,0.514,0.661,0.351,0.333,0.315,0.289,0.49,0.111,140.0,0.919,0.346,0.301,8.0,0.0
3,paynead01,96.0,24.0,13.7,1.7,4.2,0.399,0.1,0.5,0.235,1.6,3.7,0.422,0.413,0.6,0.9,0.678,0.8,2.3,3.1,0.7,0.4,0.3,0.9,1.9,4.1,paynead01,96.0,1317.0,0.399,11.5,0.874,0.252,0.228,0.116,0.277,0.126,0.422,0.529,0.37,0.362,0.393,0.235,0.631,0.082,27.0,0.917,0.196,0.2,0.0,0.0
4,horfoal01,623.0,619.0,33.4,6.1,11.5,0.529,0.3,0.8,0.344,5.8,10.7,0.543,0.541,1.9,2.5,0.747,2.3,6.4,8.7,2.9,0.8,1.2,1.6,2.4,14.4,horfoal01,623.0,20823.0,0.529,10.0,0.928,0.311,0.223,0.131,0.263,0.072,0.543,0.725,0.439,0.436,0.469,0.344,0.714,0.091,620.0,0.977,0.254,0.328,1.0,0.0
5,jeffeal01,870.0,650.0,29.6,6.9,13.9,0.499,0.0,0.1,0.127,6.9,13.8,0.501,0.499,2.3,3.2,0.709,2.3,6.3,8.6,1.5,0.7,1.2,1.4,2.6,16.1,jeffeal01,870.0,25716.0,0.499,7.8,0.995,0.323,0.332,0.197,0.143,0.005,0.501,0.656,0.467,0.388,0.383,0.127,0.542,0.051,573.0,0.875,0.095,0.167,15.0,0.0
6,aminual01,496.0,279.0,23.8,2.7,6.3,0.426,0.6,1.7,0.319,2.1,4.5,0.467,0.47,1.2,1.7,0.73,1.4,4.2,5.6,1.2,0.9,0.6,1.3,1.9,7.1,aminual01,496.0,11822.0,0.426,11.4,0.721,0.366,0.172,0.051,0.132,0.279,0.467,0.611,0.325,0.327,0.306,0.319,0.621,0.1,282.0,0.96,0.415,0.344,3.0,0.0
7,anderal01,323.0,66.0,20.9,2.6,6.4,0.404,1.0,3.0,0.343,1.6,3.5,0.456,0.483,1.2,1.5,0.817,0.5,1.7,2.2,1.1,0.6,0.1,0.9,1.8,7.4,anderal01,323.0,6751.0,0.404,16.2,0.538,0.202,0.108,0.096,0.132,0.462,0.456,0.647,0.338,0.402,0.297,0.343,0.479,0.02,38.0,0.866,0.352,0.365,9.0,0.0
8,burksal01,280.0,42.0,22.4,3.6,8.3,0.432,0.6,1.7,0.362,3.0,6.7,0.45,0.468,2.6,3.4,0.748,0.7,2.2,2.8,1.8,0.6,0.2,1.4,2.0,10.3,burksal01,280.0,6284.0,0.432,12.0,0.801,0.318,0.18,0.075,0.227,0.199,0.45,0.605,0.329,0.366,0.356,0.362,0.358,0.039,84.0,0.78,0.274,0.402,15.0,0.0
9,abrinal01,46.0,0.0,14.0,1.7,4.4,0.393,1.2,3.1,0.375,0.5,1.2,0.439,0.527,0.8,0.9,0.878,0.3,0.8,1.1,0.5,0.5,0.1,0.5,1.5,5.4,abrinal01,46.0,643.0,0.393,20.5,0.284,0.109,0.055,0.05,0.07,0.716,0.439,0.5,0.455,0.2,0.5,0.375,0.6,0.02,4.0,0.963,0.208,0.367,1.0,0.0
10,lenal01,243.0,104.0,19.6,2.6,5.6,0.463,0.0,0.1,0.214,2.6,5.5,0.465,0.464,1.5,2.1,0.719,1.9,4.2,6.1,0.7,0.4,1.0,1.3,2.8,6.7,lenal01,243.0,4762.0,0.463,6.5,0.99,0.489,0.214,0.134,0.153,0.01,0.465,0.62,0.316,0.297,0.327,0.214,0.663,0.175,215.0,1.0,0.429,0.333,2.0,0.0
11,shvedal01,182.0,25.0,18.0,2.4,6.6,0.369,0.9,2.9,0.306,1.6,3.7,0.417,0.436,1.6,2.1,0.762,0.5,1.5,2.0,2.5,0.6,0.3,1.3,1.1,7.4,shvedal01,182.0,3271.0,0.369,15.7,0.562,0.264,0.094,0.061,0.137,0.438,0.417,0.58,0.298,0.243,0.261,0.306,0.332,0.022,26.0,0.685,0.089,0.426,5.0,0.0
12,ajincal01,277.0,73.0,13.3,2.2,4.3,0.5,0.0,0.1,0.293,2.1,4.2,0.507,0.505,0.9,1.1,0.799,1.2,2.7,3.9,0.5,0.3,0.6,0.9,2.3,5.2,ajincal01,277.0,3671.0,0.5,9.2,0.966,0.337,0.238,0.148,0.242,0.034,0.507,0.644,0.444,0.433,0.426,0.293,0.701,0.117,125.0,1.0,0.049,1.0,0.0,0.0
13,crabbal01,204.0,24.0,22.1,2.9,6.5,0.451,1.1,2.9,0.401,1.8,3.6,0.492,0.54,1.0,1.1,0.856,0.2,2.0,2.2,1.0,0.6,0.2,0.7,2.0,7.9,crabbal01,204.0,4507.0,0.451,17.3,0.557,0.149,0.076,0.09,0.244,0.443,0.492,0.699,0.37,0.449,0.419,0.401,0.784,0.02,22.0,0.966,0.307,0.419,1.0,0.0
14,geeal01,417.0,213.0,21.8,2.4,5.5,0.434,0.4,1.4,0.325,2.0,4.2,0.469,0.474,1.4,1.8,0.754,0.9,2.3,3.3,1.1,0.9,0.2,1.1,1.9,6.6,geeal01,417.0,9071.0,0.434,10.3,0.752,0.426,0.147,0.079,0.099,0.248,0.469,0.621,0.224,0.295,0.323,0.325,0.531,0.146,308.0,0.93,0.582,0.318,3.0,1.0
15,stoudam01,846.0,696.0,31.0,7.0,13.0,0.537,0.0,0.2,0.236,7.0,12.9,0.54,0.538,4.9,6.4,0.761,2.4,5.4,7.8,1.2,0.8,1.2,2.3,3.2,18.9,stoudam01,846.0,26254.0,0.537,6.9,0.988,0.448,0.249,0.116,0.175,0.012,0.54,0.67,0.441,0.418,0.431,0.236,0.591,0.159,1593.0,0.7,0.252,0.313,14.0,0.0
16,johnsam01,721.0,437.0,22.4,3.2,5.5,0.574,0.1,0.3,0.333,3.0,5.2,0.589,0.584,1.1,1.6,0.674,2.1,3.6,5.7,1.2,0.6,1.1,1.1,3.1,7.5,johnsam01,721.0,16119.0,0.574,6.3,0.942,0.531,0.258,0.037,0.117,0.058,0.589,0.707,0.463,0.377,0.399,0.333,0.676,0.13,482.0,0.974,0.276,0.365,5.0,0.0
17,varejan01,627.0,209.0,24.0,2.9,5.6,0.51,0.0,0.1,0.024,2.9,5.6,0.516,0.511,1.5,2.4,0.631,2.4,4.8,7.2,1.2,0.9,0.6,0.9,2.6,7.3,varejan01,627.0,15051.0,0.51,6.2,0.988,0.538,0.187,0.118,0.145,0.012,0.516,0.633,0.356,0.381,0.4,0.024,0.711,0.06,196.0,1.0,0.071,0.0,7.0,0.0
18,drumman01,361.0,311.0,29.8,5.8,10.6,0.549,0.0,0.0,0.278,5.8,10.5,0.55,0.55,1.8,4.7,0.388,4.6,8.1,12.8,0.7,1.2,1.5,1.6,3.1,13.4,drumman01,361.0,10761.0,0.549,2.9,0.995,0.662,0.298,0.031,0.004,0.005,0.55,0.643,0.376,0.292,0.063,0.278,0.577,0.194,666.0,0.0,0.0,0.0,11.0,2.0
19,iguodan01,955.0,759.0,34.8,4.7,10.1,0.463,0.9,2.8,0.335,3.7,7.3,0.511,0.509,2.8,3.9,0.715,1.0,4.3,5.3,4.5,1.6,0.5,2.1,1.9,13.1,iguodan01,955.0,33248.0,0.463,13.4,0.725,0.324,0.07,0.094,0.237,0.275,0.511,0.703,0.322,0.324,0.38,0.335,0.513,0.142,1307.0,0.828,0.31,0.345,48.0,2.0
20,millean02,1304.0,939.0,30.9,4.6,10.0,0.461,0.1,0.7,0.217,4.5,9.4,0.478,0.468,3.1,3.8,0.807,1.1,2.6,3.7,6.5,1.2,0.2,2.4,2.2,12.5,millean02,1222.0,38175.0,0.461,10.1,0.932,0.338,0.167,0.224,0.203,0.068,0.479,0.607,0.405,0.416,0.397,0.218,0.303,0.002,16.0,0.727,0.128,0.234,122.0,3.0
21,roberan03,235.0,209.0,21.3,1.8,3.8,0.468,0.4,1.5,0.266,1.4,2.3,0.595,0.519,0.4,0.9,0.5,1.0,2.8,3.8,0.8,0.8,0.6,0.6,2.1,4.4,roberan03,234.0,4983.0,0.464,10.5,0.612,0.527,0.064,0.007,0.013,0.388,0.593,0.649,0.263,0.167,0.167,0.26,0.724,0.147,121.0,0.967,0.581,0.308,3.0,0.0
22,bargnan01,550.0,377.0,28.7,5.3,12.1,0.439,1.1,3.2,0.354,4.2,8.9,0.47,0.486,2.5,3.0,0.824,1.0,3.7,4.6,1.2,0.4,0.9,1.5,2.4,14.3,bargnan01,550.0,15806.0,0.439,15.0,0.735,0.185,0.131,0.144,0.274,0.265,0.47,0.594,0.428,0.438,0.424,0.354,0.679,0.034,206.0,0.954,0.021,0.324,12.0,1.0
23,kirilan01,797.0,546.0,30.0,3.9,8.3,0.474,0.5,1.5,0.31,3.5,6.8,0.51,0.502,3.5,4.6,0.754,1.8,3.7,5.5,2.7,1.4,1.8,1.9,2.0,11.8,kirilan01,797.0,23916.0,0.474,9.8,0.821,0.49,0.08,0.051,0.2,0.179,0.51,0.64,0.276,0.26,0.348,0.31,0.664,0.133,841.0,0.935,0.162,0.328,4.0,0.0
24,bogutan01,670.0,651.0,29.1,4.4,8.2,0.534,0.0,0.0,0.12,4.4,8.2,0.536,0.534,1.2,2.2,0.556,2.6,6.4,8.9,2.3,0.6,1.6,1.8,3.2,10.0,bogutan01,670.0,19511.0,0.534,4.0,0.995,0.547,0.353,0.064,0.031,0.005,0.536,0.646,0.424,0.329,0.31,0.12,0.587,0.127,646.0,0.667,0.0,0.0,3.0,0.0
25,goudean01,49.0,0.0,9.7,1.6,4.0,0.393,0.6,1.7,0.345,1.0,2.3,0.429,0.467,0.3,0.3,0.875,0.1,0.6,0.7,0.5,0.2,0.0,0.6,0.7,4.0,goudean01,49.0,475.0,0.393,18.8,0.571,0.015,0.163,0.133,0.26,0.429,0.429,0.0,0.563,0.577,0.294,0.345,0.292,0.0,0.0,0.793,0.131,0.545,0.0,0.0
26,harrian01,53.0,15.0,21.9,1.7,5.3,0.316,0.6,2.3,0.26,1.1,3.0,0.358,0.372,2.2,2.9,0.766,0.4,1.6,1.9,3.0,0.8,0.3,1.2,3.0,6.2,harrian01,53.0,1162.0,0.316,15.3,0.564,0.287,0.096,0.067,0.124,0.436,0.358,0.457,0.333,0.158,0.229,0.26,0.14,0.007,1.0,0.594,0.138,0.471,3.0,0.0
27,nichoan01,275.0,36.0,14.4,2.5,5.4,0.469,0.3,0.9,0.327,2.2,4.4,0.499,0.497,0.7,0.9,0.771,0.7,2.3,3.0,0.4,0.3,0.3,0.7,1.6,6.1,nichoan01,275.0,3969.0,0.469,12.5,0.825,0.19,0.278,0.106,0.25,0.175,0.499,0.709,0.443,0.401,0.442,0.327,0.6,0.041,58.0,0.965,0.45,0.316,2.0,0.0
28,wiggian01,220.0,220.0,36.1,7.2,15.9,0.453,0.8,2.4,0.324,6.4,13.5,0.476,0.477,4.8,6.3,0.759,1.4,2.7,4.1,2.2,1.0,0.5,2.2,2.2,19.9,wiggian01,220.0,7934.0,0.453,11.5,0.851,0.3,0.162,0.147,0.241,0.149,0.476,0.656,0.398,0.397,0.35,0.324,0.47,0.066,211.0,0.78,0.156,0.383,2.0,0.0
29,bennean01,151.0,4.0,12.6,1.7,4.2,0.392,0.2,0.9,0.261,1.4,3.3,0.427,0.42,0.8,1.2,0.67,0.9,2.3,3.1,0.5,0.4,0.2,0.7,1.4,4.4,bennean01,151.0,1905.0,0.392,13.1,0.785,0.314,0.086,0.064,0.32,0.215,0.427,0.652,0.2,0.22,0.312,0.261,0.66,0.103,61.0,0.972,0.283,0.282,0.0,0.0
30,davisan02,314.0,309.0,34.3,8.3,16.3,0.513,0.2,0.7,0.288,8.1,15.6,0.523,0.519,5.1,6.5,0.785,2.5,7.5,10.1,1.8,1.3,2.4,1.8,2.5,22.0,davisan02,314.0,10783.0,0.513,9.5,0.957,0.347,0.198,0.171,0.242,0.043,0.523,0.707,0.436,0.435,0.393,0.288,0.697,0.141,656.0,0.969,0.176,0.231,6.0,0.0
31,morroan01,555.0,142.0,22.0,3.5,7.8,0.447,1.4,3.5,0.417,2.1,4.4,0.471,0.539,1.1,1.2,0.878,0.6,1.6,2.2,0.9,0.6,0.1,0.7,1.6,9.5,morroan01,555.0,12193.0,0.447,17.7,0.558,0.093,0.105,0.147,0.213,0.442,0.471,0.556,0.476,0.45,0.447,0.417,0.556,0.001,3.0,0.949,0.359,0.423,1.0,0.0
32,tollian01,501.0,76.0,19.9,2.1,5.0,0.413,1.1,3.0,0.36,1.0,2.0,0.493,0.522,0.9,1.2,0.772,0.9,2.7,3.5,0.9,0.4,0.3,0.6,1.6,6.1,tollian01,501.0,9987.0,0.413,18.4,0.395,0.17,0.069,0.039,0.118,0.605,0.493,0.657,0.405,0.316,0.363,0.36,0.736,0.032,75.0,0.996,0.335,0.394,0.0,0.0
33,goodwar01,153.0,15.0,14.5,2.2,5.2,0.419,0.3,1.2,0.23,1.9,4.0,0.473,0.445,1.6,2.2,0.698,0.5,1.5,2.0,1.2,0.4,0.2,1.3,1.2,6.2,goodwar01,153.0,2212.0,0.419,9.0,0.776,0.53,0.137,0.03,0.079,0.224,0.473,0.572,0.22,0.292,0.317,0.23,0.356,0.077,53.0,0.805,0.213,0.211,5.0,0.0
34,baynear01,275.0,24.0,13.9,2.0,4.0,0.509,0.0,0.0,0.143,2.0,4.0,0.511,0.509,1.1,1.4,0.815,1.4,2.6,4.0,0.5,0.2,0.4,0.8,1.9,5.2,baynear01,275.0,3827.0,0.509,5.5,0.994,0.49,0.295,0.12,0.089,0.006,0.511,0.601,0.449,0.364,0.418,0.143,0.748,0.112,114.0,1.0,0.286,0.0,0.0,0.0
35,afflaar01,697.0,523.0,28.4,4.1,9.1,0.451,1.2,3.0,0.385,3.0,6.1,0.483,0.514,1.9,2.3,0.823,0.5,2.5,3.0,1.9,0.5,0.2,1.2,2.0,11.3,afflaar01,697.0,19820.0,0.451,15.2,0.669,0.188,0.115,0.143,0.223,0.331,0.483,0.612,0.41,0.465,0.424,0.385,0.549,0.004,24.0,0.946,0.439,0.428,5.0,0.0
36,dayeau01,293.0,29.0,14.1,1.9,4.8,0.402,0.6,1.8,0.351,1.3,3.0,0.433,0.469,0.7,0.9,0.778,0.5,2.1,2.6,0.7,0.4,0.4,0.7,1.6,5.2,dayeau01,293.0,4132.0,0.402,16.1,0.621,0.174,0.099,0.14,0.206,0.379,0.433,0.589,0.414,0.389,0.34,0.351,0.573,0.021,25.0,0.963,0.327,0.377,4.0,0.0
37,riverau01,328.0,69.0,22.4,3.1,7.4,0.416,0.8,2.2,0.351,2.3,5.2,0.443,0.468,1.3,2.0,0.648,0.3,1.6,1.9,2.1,0.6,0.2,1.1,2.1,8.3,riverau01,328.0,7349.0,0.416,12.0,0.703,0.311,0.227,0.071,0.092,0.297,0.443,0.563,0.36,0.351,0.311,0.351,0.266,0.013,26.0,0.835,0.232,0.411,7.0,0.0
38,bradlav01,394.0,321.0,28.0,4.9,11.0,0.443,1.2,3.4,0.367,3.6,7.6,0.476,0.499,1.1,1.4,0.778,0.6,2.4,3.0,1.7,1.1,0.2,1.4,2.1,12.1,bradlav01,394.0,11041.0,0.443,15.5,0.694,0.233,0.062,0.056,0.343,0.306,0.476,0.627,0.319,0.391,0.416,0.367,0.598,0.025,95.0,0.895,0.436,0.376,3.0,0.0
39,gordobe01,744.0,269.0,27.4,5.3,12.2,0.432,1.6,3.9,0.401,3.7,8.3,0.447,0.497,2.8,3.2,0.857,0.4,2.0,2.5,2.5,0.7,0.2,2.1,2.3,14.9,gordobe01,744.0,20366.0,0.432,16.4,0.679,0.161,0.088,0.103,0.325,0.321,0.447,0.496,0.419,0.421,0.439,0.401,0.395,0.004,28.0,0.708,0.265,0.431,8.0,0.0
40,mclembe01,275.0,212.0,25.7,3.3,8.1,0.414,1.3,3.6,0.35,2.1,4.5,0.465,0.491,1.3,1.6,0.786,0.5,2.0,2.5,1.2,0.7,0.2,1.3,2.3,9.2,mclembe01,275.0,7077.0,0.414,15.9,0.557,0.221,0.118,0.05,0.168,0.443,0.465,0.674,0.256,0.396,0.356,0.35,0.654,0.065,125.0,0.936,0.339,0.401,10.0,1.0
41,udrihbe01,822.0,272.0,22.0,3.3,7.1,0.462,0.6,1.6,0.349,2.7,5.5,0.495,0.502,1.2,1.5,0.832,0.4,1.7,2.1,3.4,0.7,0.1,1.4,1.5,8.4,udrihbe01,822.0,18045.0,0.462,14.0,0.774,0.227,0.088,0.201,0.257,0.226,0.495,0.61,0.414,0.498,0.421,0.349,0.381,0.0,0.0,0.858,0.317,0.401,36.0,0.0
42,jamesbe01,92.0,13.0,8.3,0.8,1.7,0.497,0.0,0.0,0.0,0.8,1.6,0.507,0.497,0.6,0.8,0.68,0.9,1.4,2.3,0.1,0.2,0.7,0.4,1.1,2.2,jamesbe01,92.0,761.0,0.497,3.6,0.98,0.725,0.216,0.026,0.013,0.02,0.507,0.595,0.303,0.0,0.0,0.0,0.711,0.144,19.0,0.0,0.333,0.0,2.0,0.0
43,biyombi01,424.0,181.0,21.5,1.8,3.5,0.511,0.0,0.0,0.0,1.8,3.5,0.512,0.511,1.2,2.2,0.548,2.0,4.5,6.6,0.4,0.3,1.5,0.9,2.3,4.8,biyombi01,424.0,9107.0,0.511,3.8,0.999,0.606,0.284,0.084,0.027,0.001,0.512,0.642,0.315,0.336,0.2,0.0,0.708,0.225,302.0,0.0,0.0,0.0,0.0,0.0
44,griffbl01,447.0,447.0,35.2,8.3,16.1,0.518,0.1,0.4,0.28,8.2,15.7,0.525,0.522,4.7,7.0,0.668,2.5,7.0,9.5,4.1,1.0,0.6,2.5,3.0,21.5,griffbl01,447.0,15724.0,0.518,8.8,0.973,0.381,0.239,0.081,0.271,0.027,0.525,0.728,0.424,0.342,0.381,0.28,0.641,0.145,947.0,0.889,0.269,0.308,9.0,0.0
45,marjabo01,77.0,4.0,8.7,1.8,3.1,0.566,0.0,0.0,0.0,1.8,3.1,0.566,0.566,1.4,1.8,0.766,1.3,2.2,3.5,0.3,0.2,0.4,0.5,0.8,5.0,marjabo01,77.0,667.0,0.566,4.8,1.0,0.442,0.397,0.132,0.029,0.0,0.566,0.72,0.469,0.344,0.571,0.0,0.642,0.165,36.0,0.0,0.0,0.0,0.0,0.0
46,brownbo02,131.0,2.0,11.5,1.8,4.8,0.378,0.6,1.9,0.309,1.2,2.9,0.422,0.438,0.4,0.4,0.81,0.2,0.5,0.7,1.6,0.3,0.0,0.8,1.1,4.5,brownbo02,131.0,1504.0,0.378,17.2,0.612,0.188,0.083,0.061,0.281,0.388,0.422,0.5,0.404,0.289,0.403,0.309,0.265,0.021,11.0,0.72,0.148,0.333,8.0,0.0
47,portibo01,101.0,5.0,15.6,2.6,5.9,0.44,0.3,0.9,0.33,2.3,5.0,0.459,0.464,0.7,1.0,0.704,1.6,3.0,4.6,0.7,0.3,0.3,0.8,1.5,6.1,portibo01,101.0,1574.0,0.44,11.1,0.851,0.316,0.188,0.112,0.234,0.149,0.459,0.604,0.423,0.258,0.391,0.33,0.606,0.068,34.0,0.966,0.295,0.308,2.0,0.0
48,bogdabo02,212.0,121.0,25.7,4.0,9.1,0.441,1.5,4.1,0.366,2.5,5.0,0.502,0.524,1.6,1.9,0.847,0.5,2.6,3.1,1.2,0.4,0.1,1.3,1.5,11.2,bogdabo02,212.0,5451.0,0.441,14.5,0.55,0.28,0.124,0.077,0.069,0.45,0.502,0.635,0.369,0.322,0.398,0.366,0.572,0.026,46.0,0.922,0.362,0.435,0.0,0.0
49,diawbo01,1039.0,552.0,27.3,3.6,7.3,0.494,0.5,1.3,0.338,3.2,6.0,0.529,0.525,1.0,1.4,0.718,1.2,3.2,4.4,3.5,0.6,0.5,1.8,2.2,8.7,diawbo01,1039.0,28357.0,0.494,10.7,0.817,0.361,0.188,0.076,0.192,0.183,0.529,0.647,0.479,0.355,0.425,0.338,0.574,0.02,140.0,0.977,0.167,0.332,13.0,0.0
50,bealbr01,298.0,264.0,33.0,6.3,14.5,0.435,2.0,5.0,0.398,4.4,9.6,0.454,0.503,2.4,3.1,0.788,0.8,2.8,3.6,3.1,1.0,0.3,1.9,2.1,17.1,bealbr01,298.0,9847.0,0.435,15.9,0.659,0.197,0.089,0.109,0.264,0.341,0.454,0.628,0.384,0.378,0.38,0.398,0.517,0.03,122.0,0.861,0.248,0.422,4.0,0.0
51,wrighbr03,380.0,56.0,16.4,3.0,5.0,0.607,0.0,0.0,0.0,3.0,5.0,0.611,0.607,1.0,1.5,0.675,1.4,2.3,3.7,0.5,0.5,1.0,0.5,1.3,7.1,wrighbr03,380.0,6232.0,0.607,4.8,0.994,0.526,0.322,0.11,0.035,0.006,0.611,0.743,0.48,0.435,0.373,0.0,0.783,0.213,381.0,0.0,0.083,0.0,4.0,0.0
52,bassbr01,744.0,283.0,21.9,3.4,6.8,0.499,0.0,0.1,0.211,3.4,6.7,0.502,0.5,1.9,2.3,0.831,1.5,3.1,4.6,0.8,0.4,0.6,1.0,1.8,8.7,bassbr01,744.0,16282.0,0.499,9.6,0.989,0.343,0.139,0.233,0.274,0.011,0.502,0.625,0.364,0.463,0.453,0.211,0.674,0.134,623.0,0.917,0.526,0.3,8.0,0.0
53,daviebr01,78.0,6.0,12.8,1.4,3.4,0.411,0.1,0.6,0.227,1.3,2.8,0.448,0.43,0.7,1.2,0.644,1.0,1.5,2.5,0.7,0.5,0.2,0.8,1.9,3.7,daviebr01,78.0,998.0,0.411,9.6,0.834,0.396,0.204,0.102,0.132,0.166,0.448,0.533,0.352,0.407,0.371,0.227,0.697,0.045,11.0,0.9,0.068,0.0,0.0,0.0
54,ingrabr01,58.0,19.0,27.7,2.8,7.7,0.362,0.7,2.3,0.304,2.1,5.4,0.388,0.408,1.7,2.6,0.655,0.7,3.4,4.1,1.9,0.4,0.4,1.3,1.9,8.0,ingrabr01,58.0,1604.0,0.362,13.4,0.698,0.244,0.157,0.141,0.154,0.302,0.388,0.541,0.257,0.349,0.319,0.304,0.388,0.038,15.0,0.976,0.363,0.408,0.0,0.0
55,jennibr01,517.0,427.0,31.4,5.2,13.4,0.389,1.7,5.0,0.349,3.5,8.4,0.413,0.454,2.6,3.3,0.796,0.6,2.4,3.1,5.8,1.3,0.2,2.2,1.8,14.8,jennibr01,517.0,16253.0,0.389,15.0,0.63,0.237,0.13,0.099,0.163,0.37,0.413,0.512,0.326,0.359,0.373,0.349,0.248,0.004,28.0,0.563,0.132,0.392,26.0,0.0
56,knighbr03,382.0,320.0,31.3,5.5,13.2,0.415,1.6,4.6,0.357,3.8,8.6,0.445,0.476,2.6,3.3,0.812,0.6,2.8,3.3,4.3,0.9,0.2,2.7,2.0,15.2,knighbr03,382.0,11939.0,0.415,14.5,0.653,0.265,0.126,0.07,0.193,0.347,0.445,0.574,0.342,0.37,0.363,0.357,0.286,0.011,51.0,0.707,0.153,0.388,7.0,0.0
57,rushbr01,457.0,139.0,21.8,2.6,6.0,0.428,1.1,2.7,0.403,1.5,3.3,0.449,0.519,0.6,0.9,0.705,0.4,2.6,3.0,1.0,0.5,0.5,0.8,1.3,6.9,rushbr01,457.0,9948.0,0.428,16.7,0.552,0.204,0.078,0.069,0.2,0.448,0.449,0.57,0.33,0.379,0.395,0.403,0.538,0.038,94.0,0.952,0.382,0.439,4.0,0.0
58,haywobr01,816.0,549.0,22.9,2.6,4.9,0.528,0.0,0.0,0.0,2.6,4.9,0.528,0.528,1.6,2.8,0.587,2.6,3.4,6.0,0.5,0.4,1.4,1.0,2.5,6.8,haywobr01,816.0,18680.0,0.528,4.0,0.999,0.561,0.318,0.098,0.022,0.001,0.528,0.691,0.329,0.297,0.284,0.0,0.553,0.207,799.0,0.0,0.0,0.0,0.0,0.0
59,roberbr01,294.0,57.0,16.8,2.5,6.0,0.412,0.7,2.0,0.355,1.8,4.0,0.44,0.471,1.1,1.2,0.913,0.2,1.2,1.4,2.4,0.4,0.1,0.9,1.2,6.7,roberbr01,294.0,4948.0,0.412,16.8,0.669,0.123,0.138,0.117,0.29,0.331,0.44,0.472,0.432,0.449,0.426,0.355,0.332,0.0,0.0,0.646,0.157,0.385,10.0,0.0
60,lopezbr01,539.0,504.0,32.3,7.2,14.2,0.507,0.2,0.6,0.316,7.0,13.6,0.515,0.513,4.0,5.0,0.795,2.7,4.5,7.2,1.5,0.6,1.7,2.0,2.8,18.5,lopezbr01,538.0,17405.0,0.507,8.0,0.962,0.349,0.323,0.14,0.149,0.038,0.514,0.649,0.466,0.42,0.393,0.317,0.605,0.082,583.0,0.978,0.164,0.313,0.0,0.0
61,hieldbu01,58.0,37.0,20.5,3.3,8.3,0.396,1.6,4.2,0.369,1.7,4.1,0.424,0.49,0.6,0.6,0.889,0.3,2.6,2.9,1.3,0.3,0.1,0.8,1.4,8.7,hieldbu01,58.0,1187.0,0.396,16.6,0.494,0.243,0.073,0.064,0.112,0.506,0.424,0.513,0.257,0.323,0.407,0.369,0.485,0.01,5.0,0.811,0.139,0.441,1.0,0.0
62,mccolcj01,237.0,140.0,26.2,5.8,12.7,0.456,1.8,4.3,0.409,4.0,8.3,0.481,0.526,1.9,2.3,0.829,0.5,2.1,2.6,2.7,0.9,0.3,1.7,2.0,15.3,mccolcj01,237.0,6201.0,0.456,15.3,0.658,0.174,0.14,0.137,0.206,0.342,0.481,0.544,0.453,0.492,0.441,0.409,0.249,0.009,24.0,0.758,0.212,0.427,6.0,0.0
63,milescj01,690.0,284.0,20.8,3.5,8.5,0.417,1.4,3.8,0.358,2.1,4.6,0.466,0.498,1.3,1.7,0.803,0.5,2.0,2.4,1.1,0.7,0.3,0.9,2.2,9.8,milescj01,690.0,14329.0,0.417,16.7,0.545,0.197,0.105,0.067,0.176,0.455,0.466,0.639,0.355,0.372,0.375,0.358,0.582,0.048,238.0,0.931,0.204,0.403,22.0,0.0
64,watsocj01,584.0,104.0,20.3,2.6,6.1,0.42,0.8,2.1,0.377,1.8,4.0,0.443,0.485,1.4,1.8,0.811,0.4,1.6,1.9,2.5,0.9,0.1,1.1,1.5,7.3,watsocj01,584.0,11855.0,0.42,16.2,0.653,0.194,0.09,0.081,0.287,0.347,0.443,0.563,0.34,0.42,0.401,0.377,0.372,0.001,4.0,0.823,0.312,0.427,15.0,1.0
65,wilcocj01,60.0,0.0,5.7,0.8,2.0,0.388,0.3,0.9,0.333,0.5,1.1,0.433,0.463,0.2,0.3,0.813,0.1,0.4,0.5,0.5,0.2,0.1,0.3,0.5,2.1,wilcocj01,60.0,343.0,0.388,18.4,0.554,0.132,0.05,0.074,0.298,0.446,0.433,0.688,0.167,0.556,0.333,0.333,0.655,0.008,1.0,0.889,0.204,0.455,0.0,0.0
66,payneca01,77.0,1.0,13.2,2.0,5.3,0.385,0.7,2.1,0.319,1.4,3.2,0.429,0.449,0.3,0.4,0.821,0.1,1.4,1.5,1.9,0.6,0.1,0.8,1.5,5.1,payneca01,77.0,1018.0,0.385,15.6,0.6,0.135,0.181,0.164,0.12,0.4,0.429,0.418,0.419,0.448,0.429,0.319,0.143,0.002,1.0,0.808,0.215,0.371,2.0,0.0
67,landrca01,513.0,93.0,22.5,4.1,7.6,0.535,0.0,0.1,0.3,4.0,7.5,0.537,0.536,2.7,3.4,0.785,1.9,3.0,4.9,0.7,0.4,0.4,1.2,2.4,10.8,landrca01,513.0,11524.0,0.535,8.1,0.992,0.408,0.2,0.15,0.234,0.008,0.537,0.714,0.408,0.431,0.406,0.3,0.619,0.1,375.0,1.0,0.267,0.375,5.0,0.0
68,boozeca01,861.0,775.0,31.2,6.8,13.0,0.521,0.0,0.0,0.071,6.8,13.0,0.522,0.521,2.6,3.7,0.722,2.4,7.1,9.5,2.2,0.9,0.4,2.1,3.0,16.2,boozeca01,861.0,26901.0,0.521,7.9,0.999,0.405,0.179,0.211,0.205,0.001,0.522,0.679,0.403,0.426,0.414,0.071,0.691,0.056,562.0,1.0,0.143,0.0,1.0,0.0
69,anthoca01,959.0,959.0,36.2,8.9,19.6,0.452,1.2,3.4,0.347,7.7,16.1,0.475,0.483,5.9,7.3,0.812,1.8,4.8,6.6,3.1,1.1,0.5,2.8,2.9,24.8,anthoca01,959.0,34742.0,0.452,12.3,0.825,0.325,0.081,0.137,0.282,0.175,0.475,0.591,0.338,0.396,0.418,0.347,0.443,0.055,969.0,0.787,0.115,0.352,43.0,0.0
70,butleca01,881.0,732.0,32.2,5.2,12.0,0.434,0.8,2.4,0.348,4.4,9.6,0.456,0.469,2.8,3.3,0.847,1.3,3.7,5.0,2.3,1.3,0.2,1.8,2.4,14.1,butleca01,881.0,28333.0,0.434,13.9,0.798,0.255,0.103,0.109,0.331,0.202,0.456,0.585,0.359,0.374,0.413,0.348,0.524,0.042,411.0,0.818,0.274,0.379,48.0,1.0
71,martica01,243.0,15.0,13.8,1.8,4.5,0.392,0.9,2.4,0.372,0.9,2.1,0.414,0.491,0.6,0.9,0.729,0.4,1.5,1.9,0.5,0.4,0.1,0.5,1.3,5.1,martica01,243.0,3351.0,0.392,18.4,0.466,0.148,0.065,0.067,0.187,0.534,0.414,0.593,0.296,0.257,0.371,0.372,0.642,0.005,5.0,0.959,0.324,0.374,4.0,0.0
72,parsoch01,367.0,351.0,32.3,5.3,11.3,0.468,1.6,4.3,0.375,3.6,6.9,0.527,0.541,1.6,2.2,0.711,0.9,4.0,4.9,2.9,1.0,0.4,1.6,2.0,13.8,parsoch01,367.0,11853.0,0.468,13.3,0.614,0.332,0.141,0.051,0.09,0.386,0.527,0.66,0.367,0.351,0.384,0.375,0.528,0.049,181.0,0.916,0.258,0.439,4.0,0.0
73,fryech01,776.0,429.0,23.5,3.5,8.0,0.438,1.2,3.1,0.388,2.3,4.8,0.47,0.514,1.1,1.3,0.821,1.0,3.8,4.8,1.0,0.5,0.7,0.9,2.7,9.2,fryech01,776.0,18255.0,0.438,17.2,0.609,0.134,0.117,0.081,0.277,0.391,0.47,0.603,0.465,0.4,0.429,0.388,0.658,0.034,187.0,0.98,0.133,0.425,6.0,0.0
74,villach01,656.0,163.0,20.7,4.0,9.3,0.435,1.1,3.2,0.341,3.0,6.1,0.484,0.494,1.2,1.6,0.772,1.2,3.4,4.6,0.8,0.5,0.5,1.0,2.2,10.4,villach01,656.0,13578.0,0.435,13.7,0.655,0.248,0.175,0.123,0.11,0.345,0.484,0.608,0.445,0.384,0.38,0.341,0.58,0.05,272.0,0.983,0.201,0.317,10.0,1.0
75,budinch01,407.0,50.0,19.7,2.9,6.8,0.43,1.0,2.9,0.352,1.9,3.9,0.486,0.504,1.0,1.3,0.797,0.6,2.5,3.0,1.2,0.5,0.2,0.8,1.2,7.9,budinch01,407.0,7998.0,0.43,14.9,0.576,0.255,0.109,0.065,0.146,0.424,0.486,0.649,0.341,0.37,0.361,0.352,0.702,0.046,122.0,0.971,0.345,0.384,1.0,0.0
76,anderch01,695.0,45.0,17.7,1.9,3.6,0.532,0.0,0.1,0.221,1.9,3.5,0.541,0.535,1.5,2.3,0.654,1.7,3.3,5.0,0.5,0.4,1.4,0.7,1.9,5.4,anderch01,695.0,12273.0,0.532,5.0,0.973,0.695,0.084,0.07,0.123,0.027,0.541,0.636,0.276,0.291,0.326,0.221,0.678,0.243,552.0,0.933,0.235,0.375,10.0,1.0
77,boshch01,893.0,881.0,35.8,7.0,14.1,0.494,0.3,1.0,0.335,6.6,13.1,0.506,0.506,5.0,6.3,0.799,2.2,6.3,8.5,2.0,0.8,1.0,2.0,2.4,19.2,boshch01,893.0,31936.0,0.494,10.8,0.928,0.304,0.151,0.182,0.291,0.072,0.506,0.651,0.421,0.416,0.454,0.335,0.593,0.079,906.0,0.957,0.222,0.351,8.0,2.0
78,copelch01,171.0,26.0,12.3,2.1,5.0,0.427,0.9,2.5,0.365,1.2,2.5,0.486,0.516,0.7,0.9,0.752,0.4,1.2,1.6,0.6,0.2,0.2,0.8,1.4,5.8,copelch01,171.0,2111.0,0.427,15.7,0.508,0.247,0.129,0.033,0.099,0.492,0.486,0.642,0.378,0.214,0.329,0.365,0.448,0.013,10.0,0.935,0.23,0.371,1.0,0.0
79,douglch01,222.0,61.0,19.7,2.6,5.9,0.439,0.4,1.1,0.329,2.2,4.7,0.465,0.471,1.5,1.8,0.831,0.4,1.8,2.1,1.1,0.6,0.2,0.9,1.3,7.1,douglch01,222.0,4381.0,0.439,10.7,0.805,0.391,0.132,0.102,0.18,0.195,0.465,0.566,0.358,0.316,0.407,0.329,0.52,0.028,36.0,0.94,0.557,0.352,3.0,0.0
80,johnsch04,147.0,4.0,15.5,1.6,4.0,0.392,0.7,2.3,0.307,0.9,1.7,0.508,0.48,0.6,0.7,0.835,0.5,1.5,2.0,0.6,0.6,0.2,0.5,1.4,4.4,johnsch04,147.0,2274.0,0.392,16.6,0.422,0.237,0.077,0.043,0.066,0.578,0.508,0.655,0.289,0.4,0.308,0.307,0.611,0.015,8.0,0.962,0.478,0.333,1.0,0.0
81,kamanch01,735.0,538.0,26.7,4.7,9.6,0.489,0.0,0.0,0.042,4.7,9.5,0.49,0.489,1.8,2.5,0.743,2.0,5.6,7.6,1.3,0.4,1.3,2.1,2.7,11.2,kamanch01,735.0,19642.0,0.489,7.2,0.997,0.368,0.297,0.2,0.131,0.003,0.49,0.593,0.445,0.392,0.456,0.042,0.639,0.044,294.0,1.0,0.083,0.0,10.0,0.0
82,paulch01,809.0,809.0,35.6,6.6,13.9,0.473,1.2,3.2,0.367,5.4,10.8,0.504,0.514,4.4,5.1,0.865,0.7,3.7,4.4,9.9,2.3,0.1,2.4,2.5,18.7,paulch01,809.0,28837.0,0.473,14.0,0.772,0.188,0.163,0.174,0.247,0.228,0.504,0.61,0.489,0.473,0.453,0.367,0.115,0.004,42.0,0.489,0.099,0.373,13.0,0.0
83,hayesch01,644.0,244.0,18.3,1.6,3.3,0.498,0.0,0.0,0.0,1.6,3.2,0.501,0.498,0.5,0.8,0.62,1.7,3.3,5.0,1.2,0.7,0.4,0.7,2.3,3.7,hayesch01,644.0,11815.0,0.498,3.1,0.993,0.654,0.306,0.032,0.002,0.007,0.501,0.567,0.384,0.313,0.0,0.0,0.643,0.009,15.0,0.0,0.071,0.0,7.0,0.0
84,earlycl01,56.0,9.0,14.3,1.6,4.5,0.346,0.5,1.8,0.263,1.1,2.8,0.4,0.398,0.7,0.9,0.75,0.5,1.7,2.2,0.8,0.5,0.3,0.9,1.3,4.3,earlycl01,56.0,801.0,0.346,14.8,0.61,0.276,0.106,0.047,0.181,0.39,0.4,0.557,0.296,0.5,0.196,0.263,0.597,0.055,11.0,0.923,0.323,0.281,0.0,0.0
85,capelca01,133.0,73.0,19.4,3.6,5.9,0.61,0.0,0.0,0.0,3.6,5.9,0.61,0.61,1.1,2.6,0.406,2.3,4.2,6.5,0.7,0.6,1.2,0.9,2.4,8.3,capelca01,133.0,2580.0,0.61,1.9,0.999,0.772,0.222,0.004,0.001,0.001,0.61,0.695,0.326,0.333,0.0,0.0,0.755,0.298,215.0,0.0,0.0,0.0,1.0,0.0
86,zelleco01,256.0,145.0,22.3,2.9,5.8,0.495,0.0,0.0,0.167,2.9,5.8,0.498,0.496,2.1,2.8,0.741,1.7,3.8,5.6,1.2,0.6,0.8,1.0,2.6,7.9,zelleco01,256.0,5721.0,0.495,6.7,0.992,0.573,0.137,0.041,0.241,0.008,0.498,0.611,0.4,0.344,0.31,0.167,0.77,0.162,221.0,1.0,0.167,0.5,0.0,0.0
87,aldrico01,307.0,23.0,10.7,1.4,2.6,0.531,0.0,0.0,0.0,1.4,2.6,0.531,0.531,0.6,0.8,0.747,1.1,2.5,3.6,0.6,0.4,0.7,0.6,1.6,3.3,aldrico01,307.0,3281.0,0.531,3.7,1.0,0.47,0.492,0.03,0.003,0.0,0.531,0.683,0.405,0.292,0.0,0.0,0.689,0.134,95.0,0.0,0.0,0.0,0.0,0.0
88,breweco01,687.0,286.0,24.3,3.5,8.4,0.423,0.7,2.3,0.284,2.9,6.0,0.477,0.463,1.6,2.3,0.712,0.8,2.1,2.9,1.6,1.3,0.3,1.3,2.2,9.4,breweco01,687.0,16680.0,0.423,12.1,0.723,0.368,0.13,0.066,0.159,0.277,0.477,0.615,0.329,0.337,0.334,0.284,0.658,0.067,350.0,0.962,0.549,0.31,48.0,2.0
89,jeffeco01,58.0,1.0,10.0,1.4,3.3,0.444,0.0,0.3,0.125,1.4,3.0,0.474,0.45,0.6,1.0,0.583,0.9,1.9,2.8,0.3,0.2,0.4,0.3,1.2,3.5,jeffeco01,58.0,581.0,0.444,9.0,0.915,0.376,0.217,0.148,0.175,0.085,0.474,0.592,0.341,0.536,0.333,0.125,0.561,0.18,26.0,1.0,0.313,0.4,1.0,0.0
90,josepco01,339.0,48.0,18.7,2.5,5.5,0.456,0.3,0.9,0.318,2.2,4.6,0.483,0.482,1.2,1.6,0.771,0.5,1.7,2.2,2.3,0.6,0.2,0.9,1.3,6.5,josepco01,339.0,6323.0,0.456,11.1,0.839,0.315,0.204,0.114,0.206,0.161,0.483,0.613,0.414,0.377,0.41,0.318,0.301,0.001,1.0,0.947,0.415,0.363,6.0,0.0
91,leeco01,653.0,410.0,27.7,3.7,8.2,0.451,1.1,2.8,0.388,2.6,5.5,0.483,0.516,1.2,1.4,0.846,0.5,2.2,2.7,1.6,1.0,0.3,1.0,1.7,9.7,leeco01,653.0,18062.0,0.451,15.0,0.665,0.22,0.096,0.119,0.231,0.335,0.483,0.627,0.351,0.425,0.429,0.388,0.528,0.022,102.0,0.96,0.421,0.414,10.0,1.0
92,feliccr01,79.0,4.0,13.6,1.6,2.9,0.554,0.0,0.1,0.0,1.6,2.9,0.563,0.554,1.0,1.4,0.679,1.6,2.6,4.2,0.7,0.3,0.3,0.4,1.4,4.2,feliccr01,79.0,1074.0,0.554,5.2,0.983,0.67,0.112,0.034,0.167,0.017,0.563,0.641,0.423,0.375,0.385,0.0,0.643,0.18,38.0,0.0,0.0,0.0,0.0,0.0
93,augusdj01,631.0,190.0,23.9,3.1,7.8,0.403,1.2,3.3,0.373,1.9,4.5,0.425,0.483,2.1,2.5,0.861,0.3,1.5,1.8,3.9,0.6,0.0,1.5,1.5,9.6,augusdj01,631.0,15055.0,0.403,15.6,0.575,0.257,0.109,0.062,0.146,0.425,0.425,0.516,0.293,0.34,0.4,0.373,0.218,0.0,0.0,0.717,0.184,0.409,40.0,2.0
94,russeda01,122.0,90.0,27.6,4.9,12.2,0.404,1.7,5.0,0.35,3.2,7.2,0.44,0.475,1.9,2.6,0.751,0.6,3.0,3.5,3.8,1.2,0.2,2.5,1.8,13.5,russeda01,122.0,3371.0,0.404,15.9,0.594,0.165,0.137,0.146,0.146,0.406,0.44,0.573,0.466,0.336,0.369,0.35,0.254,0.003,4.0,0.679,0.136,0.402,9.0,0.0
95,jonesda02,623.0,157.0,15.7,1.9,4.4,0.439,0.2,0.5,0.331,1.8,3.9,0.454,0.459,1.3,1.8,0.751,0.4,1.3,1.7,0.8,0.4,0.2,0.8,1.9,5.4,jonesda02,623.0,9787.0,0.439,10.9,0.882,0.345,0.146,0.108,0.283,0.118,0.454,0.59,0.422,0.323,0.354,0.331,0.494,0.057,138.0,0.972,0.755,0.365,6.0,0.0
96,lillada01,373.0,373.0,36.4,7.4,17.3,0.428,2.6,7.0,0.367,4.8,10.2,0.469,0.502,4.6,5.3,0.876,0.6,3.4,4.0,6.2,0.9,0.3,2.8,2.2,22.0,lillada01,373.0,13569.0,0.428,15.3,0.593,0.273,0.097,0.065,0.159,0.407,0.469,0.565,0.314,0.405,0.427,0.367,0.24,0.016,88.0,0.534,0.073,0.385,10.0,0.0
97,rudezda01,136.0,2.0,11.7,1.3,2.9,0.43,0.8,2.0,0.383,0.5,0.9,0.537,0.563,0.2,0.2,0.774,0.1,0.5,0.7,0.6,0.2,0.1,0.5,1.0,3.4,rudezda01,136.0,1591.0,0.43,21.0,0.306,0.096,0.02,0.035,0.154,0.694,0.537,0.684,0.25,0.5,0.492,0.383,0.754,0.01,4.0,0.971,0.307,0.429,1.0,0.0
98,gallida01,443.0,373.0,31.0,4.6,10.9,0.418,1.8,4.9,0.368,2.8,6.0,0.459,0.5,4.2,4.9,0.859,0.8,3.9,4.6,2.0,0.8,0.4,1.3,1.9,15.1,gallida01,442.0,13722.0,0.417,16.4,0.553,0.232,0.081,0.056,0.185,0.447,0.458,0.594,0.331,0.361,0.373,0.367,0.481,0.053,231.0,0.899,0.204,0.39,14.0,2.0
99,grangda01,586.0,431.0,31.5,5.7,13.1,0.434,1.7,4.5,0.38,4.0,8.6,0.463,0.5,3.7,4.4,0.848,1.2,3.8,4.9,1.9,1.0,0.8,1.9,2.8,16.8,grangda01,586.0,18487.0,0.434,15.2,0.655,0.219,0.114,0.097,0.225,0.345,0.463,0.598,0.402,0.376,0.399,0.38,0.442,0.02,141.0,0.937,0.168,0.411,6.0,0.0
100,greenda02,450.0,384.0,25.0,3.2,7.4,0.427,1.8,4.5,0.404,1.3,2.9,0.464,0.55,0.8,1.0,0.82,0.5,2.9,3.4,1.6,1.0,0.8,1.0,1.7,9.0,greenda02,450.0,11237.0,0.427,18.3,0.388,0.167,0.075,0.054,0.092,0.612,0.464,0.603,0.361,0.3,0.39,0.404,0.653,0.015,36.0,0.942,0.347,0.405,12.0,0.0
101,cunnida01,555.0,141.0,21.3,2.6,5.7,0.467,0.2,0.6,0.313,2.4,5.0,0.485,0.484,0.6,0.9,0.65,1.2,2.6,3.8,0.7,0.7,0.5,0.5,1.8,6.0,cunnida01,555.0,11817.0,0.467,13.4,0.893,0.258,0.093,0.104,0.439,0.107,0.485,0.689,0.364,0.399,0.412,0.313,0.842,0.057,164.0,1.0,0.567,0.358,11.0,0.0
102,exumda01,124.0,58.0,20.9,2.0,5.2,0.379,0.9,2.9,0.303,1.1,2.3,0.474,0.463,0.4,0.6,0.739,0.3,1.3,1.7,2.2,0.4,0.2,1.3,2.0,5.3,exumda01,124.0,2596.0,0.379,16.7,0.445,0.236,0.1,0.026,0.083,0.555,0.474,0.627,0.354,0.235,0.259,0.303,0.387,0.046,27.0,0.954,0.403,0.29,3.0,0.0
103,saricda01,56.0,11.0,24.4,4.0,10.0,0.397,1.3,3.9,0.327,2.7,6.1,0.442,0.462,1.6,2.1,0.784,1.3,4.6,5.9,1.8,0.6,0.3,1.9,1.7,10.8,saricda01,56.0,1368.0,0.397,14.7,0.606,0.281,0.12,0.052,0.159,0.394,0.442,0.567,0.418,0.345,0.281,0.327,0.56,0.013,7.0,0.931,0.105,0.348,1.0,0.0
104,milleda01,102.0,10.0,14.3,1.2,2.8,0.42,0.5,1.3,0.351,0.7,1.4,0.483,0.504,0.4,0.4,0.841,0.2,1.1,1.3,0.9,0.4,0.2,0.5,1.8,3.1,milleda01,102.0,1460.0,0.42,18.0,0.523,0.071,0.153,0.107,0.192,0.477,0.483,0.7,0.372,0.4,0.537,0.351,0.634,0.011,3.0,0.936,0.373,0.36,2.0,0.0
105,morrida01,132.0,17.0,11.1,1.3,3.3,0.384,0.4,1.1,0.322,0.9,2.2,0.416,0.439,0.4,0.6,0.63,0.3,0.7,1.0,1.4,0.3,0.0,0.8,1.0,3.3,morrida01,132.0,1464.0,0.384,13.1,0.662,0.313,0.148,0.074,0.127,0.338,0.416,0.563,0.344,0.219,0.255,0.322,0.319,0.007,3.0,0.83,0.322,0.319,2.0,1.0
106,arthuda01,472.0,105.0,18.3,2.8,6.4,0.445,0.3,0.9,0.353,2.5,5.5,0.46,0.469,0.7,1.0,0.764,1.1,2.5,3.7,0.8,0.6,0.6,0.8,2.5,6.7,arthuda01,472.0,8638.0,0.445,13.0,0.865,0.241,0.131,0.132,0.362,0.135,0.46,0.585,0.376,0.436,0.416,0.353,0.779,0.066,173.0,0.986,0.25,0.343,5.0,0.0
107,collida01,545.0,360.0,29.6,4.7,10.0,0.469,0.8,2.2,0.38,3.9,7.9,0.494,0.51,2.5,2.9,0.852,0.5,2.2,2.6,4.8,1.1,0.1,2.1,1.7,12.7,collida01,545.0,16120.0,0.469,12.9,0.783,0.278,0.131,0.133,0.242,0.217,0.494,0.622,0.377,0.434,0.443,0.38,0.298,0.009,45.0,0.758,0.302,0.478,19.0,0.0
108,hillida01,65.0,3.0,10.4,1.3,3.5,0.366,0.4,1.3,0.326,0.8,2.2,0.39,0.427,0.7,1.0,0.719,0.1,1.0,1.1,0.8,0.2,0.0,0.6,0.9,3.7,hillida01,65.0,673.0,0.366,16.3,0.621,0.176,0.119,0.079,0.251,0.379,0.39,0.575,0.185,0.389,0.351,0.326,0.4,0.009,2.0,0.893,0.384,0.333,3.0,0.0
109,leeda02,805.0,502.0,29.6,5.6,10.5,0.535,0.0,0.0,0.034,5.6,10.4,0.537,0.535,2.5,3.3,0.772,2.6,6.3,8.9,2.2,0.8,0.4,1.8,2.7,13.7,leeda02,805.0,23839.0,0.535,6.4,0.997,0.497,0.229,0.1,0.171,0.003,0.537,0.665,0.398,0.428,0.415,0.034,0.655,0.092,738.0,1.0,0.103,0.0,3.0,0.0
110,westda01,936.0,742.0,29.7,5.8,11.8,0.492,0.1,0.2,0.261,5.7,11.6,0.496,0.495,2.7,3.3,0.818,1.8,4.9,6.7,2.2,0.8,0.8,1.7,2.4,14.3,westda01,936.0,27786.0,0.492,10.0,0.982,0.273,0.229,0.193,0.286,0.018,0.496,0.614,0.451,0.417,0.474,0.261,0.614,0.027,272.0,0.906,0.192,0.308,8.0,0.0
111,bertada01,48.0,3.0,11.6,1.4,3.2,0.439,0.9,2.4,0.389,0.5,0.9,0.571,0.581,0.5,0.6,0.8,0.3,1.1,1.4,0.7,0.3,0.4,0.4,1.1,4.3,bertada01,48.0,556.0,0.439,20.0,0.271,0.168,0.039,0.006,0.058,0.729,0.571,0.692,0.333,0.0,0.444,0.389,0.792,0.071,11.0,0.977,0.204,0.478,1.0,0.0
112,jordade01,649.0,537.0,27.5,3.6,5.4,0.672,0.0,0.0,0.1,3.6,5.4,0.674,0.672,1.7,4.0,0.43,3.1,6.9,10.0,0.6,0.6,1.8,1.3,2.7,9.0,jordade01,649.0,17833.0,0.672,1.8,0.997,0.825,0.16,0.009,0.003,0.003,0.674,0.723,0.45,0.367,0.182,0.1,0.705,0.491,1525.0,0.0,0.1,0.0,0.0,0.0
113,liggide01,103.0,20.0,10.2,0.8,1.9,0.424,0.2,0.7,0.358,0.6,1.2,0.46,0.487,0.4,0.7,0.574,0.3,1.1,1.4,0.6,0.6,0.2,0.5,1.0,2.2,liggide01,103.0,1054.0,0.424,11.9,0.649,0.414,0.126,0.037,0.073,0.351,0.46,0.582,0.25,0.0,0.357,0.358,0.649,0.026,3.0,0.958,0.478,0.438,1.0,0.0
114,blairde01,424.0,179.0,16.6,2.9,5.6,0.524,0.0,0.0,0.0,2.9,5.6,0.526,0.524,0.9,1.5,0.608,1.9,3.2,5.1,0.8,0.7,0.3,1.1,2.4,6.8,blairde01,424.0,7054.0,0.524,4.6,0.996,0.548,0.327,0.096,0.025,0.004,0.526,0.631,0.412,0.364,0.333,0.0,0.704,0.039,82.0,0.0,0.0,0.0,4.0,0.0
115,derozde01,571.0,559.0,34.0,6.7,15.1,0.445,0.4,1.4,0.28,6.3,13.7,0.462,0.458,5.1,6.1,0.827,0.8,3.3,4.0,2.7,1.0,0.3,1.9,2.3,18.9,derozde01,571.0,19430.0,0.445,12.3,0.908,0.221,0.171,0.195,0.321,0.092,0.462,0.639,0.434,0.419,0.38,0.28,0.451,0.041,324.0,0.851,0.412,0.38,14.0,0.0
116,couside01,471.0,449.0,31.9,7.6,16.5,0.459,0.4,1.2,0.321,7.2,15.3,0.47,0.471,5.5,7.5,0.734,2.9,7.8,10.8,3.0,1.4,1.2,3.5,3.8,21.1,couside01,471.0,15031.0,0.459,8.7,0.929,0.367,0.286,0.071,0.204,0.071,0.47,0.624,0.368,0.333,0.385,0.321,0.485,0.071,495.0,0.932,0.053,0.207,9.0,0.0
117,carrode01,394.0,238.0,22.9,3.0,6.7,0.446,1.0,2.6,0.365,2.1,4.1,0.498,0.517,1.2,1.6,0.728,1.2,2.7,3.8,1.1,1.0,0.2,0.7,2.0,8.1,carrode01,394.0,9038.0,0.446,14.4,0.612,0.27,0.144,0.05,0.149,0.388,0.498,0.657,0.362,0.341,0.391,0.365,0.674,0.025,66.0,0.96,0.359,0.393,4.0,0.0
118,schrode01,262.0,72.0,21.0,4.0,9.4,0.432,0.8,2.4,0.331,3.3,7.0,0.467,0.475,1.8,2.3,0.806,0.3,1.9,2.3,4.2,0.7,0.1,2.2,1.6,10.7,schrode01,262.0,5506.0,0.432,11.9,0.744,0.369,0.128,0.075,0.172,0.256,0.467,0.544,0.359,0.393,0.412,0.331,0.227,0.005,7.0,0.716,0.108,0.368,8.0,0.0
119,willide01,821.0,767.0,34.6,5.9,13.2,0.444,1.4,4.0,0.356,4.4,9.2,0.482,0.498,3.5,4.2,0.822,0.4,2.7,3.1,8.2,1.0,0.2,2.9,2.5,16.6,willide01,821.0,28379.0,0.444,14.3,0.7,0.251,0.121,0.088,0.24,0.3,0.482,0.584,0.407,0.417,0.437,0.356,0.322,0.009,79.0,0.668,0.117,0.422,34.0,3.0
120,favorde01,469.0,282.0,25.8,4.6,9.0,0.509,0.0,0.1,0.125,4.6,9.0,0.511,0.509,2.3,3.4,0.666,2.4,4.8,7.2,1.1,0.8,1.3,1.5,2.8,11.4,favorde01,469.0,12100.0,0.509,6.6,0.994,0.463,0.239,0.174,0.119,0.006,0.511,0.686,0.371,0.377,0.313,0.125,0.646,0.135,529.0,1.0,0.25,0.333,4.0,0.0
121,rosede01,455.0,454.0,34.7,7.6,16.9,0.45,0.8,2.7,0.3,6.8,14.2,0.478,0.473,3.5,4.3,0.818,0.9,2.8,3.7,6.0,0.8,0.4,2.9,1.4,19.5,rosede01,455.0,15786.0,0.45,11.6,0.842,0.324,0.159,0.127,0.231,0.158,0.478,0.566,0.439,0.425,0.41,0.3,0.258,0.014,101.0,0.661,0.077,0.333,36.0,1.0
122,willide02,406.0,112.0,21.0,3.2,7.3,0.433,0.6,2.0,0.295,2.6,5.4,0.483,0.472,2.2,3.1,0.711,0.9,3.2,4.1,0.7,0.5,0.3,1.0,1.3,9.1,willide02,406.0,8546.0,0.433,11.8,0.733,0.368,0.129,0.075,0.16,0.267,0.483,0.634,0.272,0.397,0.349,0.295,0.653,0.104,277.0,0.923,0.277,0.367,5.0,0.0
123,bookede01,132.0,107.0,30.6,6.0,14.1,0.424,1.5,4.4,0.355,4.4,9.7,0.455,0.479,3.4,4.1,0.833,0.5,2.1,2.6,2.9,0.7,0.3,2.4,3.1,16.9,bookede01,132.0,4041.0,0.424,14.6,0.691,0.213,0.128,0.13,0.22,0.309,0.455,0.616,0.408,0.349,0.391,0.355,0.376,0.018,31.0,0.789,0.17,0.388,2.0,0.0
124,harride01,820.0,445.0,25.8,3.8,8.7,0.435,0.8,2.5,0.324,3.0,6.2,0.48,0.482,3.1,3.8,0.796,0.3,2.0,2.3,4.3,1.1,0.2,1.9,2.2,11.4,harride01,820.0,21117.0,0.435,12.7,0.711,0.348,0.11,0.087,0.166,0.289,0.48,0.58,0.377,0.396,0.385,0.324,0.292,0.007,43.0,0.769,0.141,0.419,51.0,1.0
125,marblde01,44.0,7.0,10.4,0.8,2.6,0.304,0.3,1.2,0.222,0.5,1.4,0.377,0.357,0.3,0.9,0.375,0.3,1.3,1.6,0.7,0.5,0.1,0.4,0.9,2.2,marblde01,44.0,457.0,0.304,15.3,0.53,0.252,0.096,0.061,0.122,0.47,0.377,0.448,0.545,0.143,0.214,0.222,0.478,0.017,2.0,1.0,0.37,0.2,0.0,0.0
126,dedmode01,198.0,53.0,14.2,1.7,3.0,0.565,0.0,0.0,0.0,1.7,3.0,0.566,0.565,0.8,1.2,0.667,1.5,3.4,4.9,0.3,0.4,0.8,0.7,2.2,4.2,dedmode01,198.0,2805.0,0.565,3.9,0.998,0.64,0.24,0.062,0.057,0.002,0.566,0.664,0.382,0.432,0.382,0.0,0.681,0.262,134.0,0.0,0.0,0.0,0.0,0.0
127,waitedi01,323.0,141.0,28.6,5.1,12.3,0.413,1.2,3.4,0.341,3.9,8.9,0.44,0.46,1.9,2.7,0.702,0.4,2.2,2.7,2.6,1.0,0.3,1.8,2.0,13.2,waitedi01,323.0,9237.0,0.413,13.4,0.725,0.317,0.086,0.069,0.253,0.275,0.44,0.518,0.301,0.401,0.4,0.341,0.323,0.028,96.0,0.844,0.303,0.367,3.0,0.0
128,nowitdi01,1370.0,1339.0,35.1,7.7,16.3,0.473,1.3,3.3,0.382,6.4,12.9,0.497,0.512,5.2,5.9,0.879,1.0,6.8,7.8,2.5,0.8,0.9,1.8,2.4,21.8,nowitdi01,1241.0,44133.0,0.475,14.9,0.798,0.146,0.085,0.251,0.317,0.202,0.498,0.644,0.408,0.472,0.475,0.385,0.556,0.018,352.0,0.938,0.104,0.397,20.0,0.0
129,sabondo01,57.0,57.0,21.7,2.5,6.2,0.403,0.7,2.2,0.315,1.8,4.0,0.452,0.459,0.4,0.6,0.697,0.6,3.1,3.7,1.1,0.5,0.4,1.2,2.5,6.1,sabondo01,57.0,1235.0,0.403,12.7,0.648,0.287,0.213,0.051,0.097,0.352,0.452,0.554,0.373,0.278,0.412,0.315,0.631,0.045,14.0,1.0,0.282,0.286,0.0,0.0
130,sloando01,218.0,66.0,17.2,2.1,5.0,0.409,0.4,1.4,0.31,1.6,3.6,0.449,0.454,0.9,1.2,0.754,0.2,1.8,2.1,3.0,0.4,0.0,1.1,0.9,5.5,sloando01,218.0,3749.0,0.409,12.8,0.712,0.317,0.149,0.07,0.176,0.288,0.449,0.56,0.372,0.338,0.358,0.31,0.222,0.006,5.0,0.806,0.209,0.364,4.0,0.0
131,motiedo01,235.0,101.0,18.7,3.0,6.4,0.474,0.5,1.6,0.307,2.5,4.7,0.532,0.514,1.0,1.7,0.606,1.2,2.7,3.9,1.1,0.5,0.3,1.2,2.2,7.6,motiedo01,235.0,4402.0,0.474,10.3,0.741,0.266,0.404,0.052,0.019,0.259,0.532,0.646,0.49,0.372,0.286,0.307,0.664,0.025,34.0,0.992,0.413,0.319,6.0,0.0
132,wrighdo01,549.0,222.0,22.4,3.0,7.1,0.424,1.1,3.1,0.365,1.9,4.0,0.469,0.503,1.2,1.5,0.806,0.7,3.1,3.8,1.5,0.8,0.5,0.9,1.4,8.4,wrighdo01,549.0,12280.0,0.424,16.3,0.567,0.214,0.084,0.064,0.205,0.433,0.469,0.656,0.37,0.298,0.368,0.365,0.594,0.058,215.0,0.963,0.37,0.398,11.0,0.0
133,finnedo01,55.0,29.0,20.8,1.5,3.9,0.394,0.7,2.3,0.313,0.8,1.5,0.518,0.488,0.7,0.9,0.766,0.6,2.0,2.6,0.9,0.6,0.3,0.6,1.7,4.4,finnedo01,55.0,1143.0,0.394,16.8,0.399,0.244,0.07,0.023,0.061,0.601,0.518,0.654,0.4,0.0,0.308,0.313,0.682,0.089,15.0,1.0,0.398,0.255,1.0,0.0
134,mcderdo01,161.0,8.0,20.2,3.1,7.0,0.445,1.1,2.8,0.399,2.0,4.2,0.476,0.524,0.9,1.0,0.849,0.4,1.9,2.3,0.7,0.2,0.1,0.6,1.3,8.2,mcderdo01,161.0,3260.0,0.445,14.8,0.601,0.244,0.12,0.093,0.144,0.399,0.476,0.577,0.385,0.433,0.407,0.399,0.773,0.021,21.0,0.983,0.294,0.402,0.0,0.0
135,greendr01,375.0,227.0,26.5,3.2,7.3,0.439,0.9,2.7,0.338,2.3,4.7,0.496,0.5,1.6,2.3,0.688,1.2,5.5,6.7,4.0,1.3,1.0,1.8,2.8,8.9,greendr01,375.0,9922.0,0.439,12.6,0.635,0.379,0.135,0.044,0.077,0.365,0.496,0.636,0.249,0.32,0.34,0.338,0.665,0.061,157.0,0.976,0.121,0.355,8.0,0.0
136,goodedr01,790.0,500.0,25.5,4.3,9.4,0.462,0.1,0.4,0.257,4.2,9.0,0.471,0.468,2.2,2.8,0.76,2.4,4.7,7.1,1.1,0.7,0.6,1.5,2.5,11.0,goodedr01,790.0,20127.0,0.462,9.5,0.954,0.337,0.207,0.178,0.233,0.046,0.471,0.581,0.417,0.398,0.418,0.257,0.607,0.059,398.0,0.955,0.213,0.315,8.0,0.0
137,howardw01,931.0,930.0,35.0,6.3,10.8,0.584,0.0,0.1,0.089,6.3,10.7,0.587,0.585,4.9,8.7,0.567,3.6,9.1,12.7,1.5,1.0,2.0,3.0,3.3,17.6,howardw01,931.0,32596.0,0.584,3.5,0.994,0.585,0.354,0.043,0.012,0.006,0.587,0.718,0.417,0.275,0.333,0.089,0.573,0.262,2473.0,1.0,0.143,0.375,24.0,0.0
138,poweldw01,154.0,3.0,14.6,2.1,4.1,0.51,0.1,0.3,0.212,2.0,3.8,0.537,0.519,1.4,1.8,0.752,1.2,2.5,3.7,0.6,0.6,0.4,0.5,1.7,5.6,poweldw01,154.0,2253.0,0.51,8.6,0.918,0.48,0.111,0.061,0.264,0.082,0.537,0.722,0.282,0.41,0.339,0.212,0.847,0.152,88.0,1.0,0.327,0.235,0.0,0.0
139,wadedw01,903.0,892.0,35.5,8.5,17.5,0.485,0.5,1.6,0.288,8.0,15.9,0.505,0.498,6.0,7.7,0.768,1.3,3.6,4.8,5.7,1.6,0.9,3.3,2.3,23.4,wadedw01,903.0,32018.0,0.485,10.4,0.907,0.353,0.156,0.137,0.26,0.093,0.505,0.657,0.459,0.387,0.389,0.288,0.323,0.072,1055.0,0.386,0.158,0.313,39.0,3.0
140,mooreet01,359.0,67.0,18.3,2.6,6.0,0.433,0.7,1.9,0.372,1.9,4.0,0.463,0.494,0.5,0.7,0.746,0.4,1.4,1.8,1.7,0.6,0.2,0.8,1.4,6.4,mooreet01,359.0,6568.0,0.433,14.6,0.675,0.172,0.2,0.125,0.18,0.325,0.463,0.595,0.498,0.354,0.371,0.372,0.413,0.01,21.0,0.903,0.312,0.396,0.0,0.0
141,barroea01,140.0,31.0,14.2,1.8,4.9,0.371,0.0,0.1,0.167,1.8,4.8,0.377,0.373,0.9,1.3,0.702,1.3,2.2,3.5,0.5,0.3,0.2,0.8,1.9,4.6,barroea01,140.0,1985.0,0.371,11.5,0.974,0.291,0.125,0.146,0.412,0.026,0.377,0.46,0.291,0.34,0.357,0.167,0.726,0.022,13.0,1.0,0.167,0.333,1.0,0.0
142,clarkea01,261.0,54.0,13.9,1.7,4.3,0.403,0.3,1.0,0.328,1.4,3.4,0.424,0.439,0.6,0.9,0.664,0.7,2.2,3.0,0.5,0.3,0.5,0.7,1.2,4.4,clarkea01,261.0,3630.0,0.403,13.8,0.778,0.269,0.108,0.088,0.313,0.222,0.424,0.601,0.298,0.323,0.344,0.328,0.685,0.077,78.0,1.0,0.256,0.281,2.0,0.0
143,davised01,481.0,94.0,20.9,2.8,5.0,0.562,0.0,0.0,0.0,2.8,5.0,0.562,0.562,1.1,2.0,0.568,2.3,4.1,6.4,0.8,0.5,0.9,0.8,2.5,6.8,davised01,481.0,10036.0,0.562,4.5,1.0,0.572,0.271,0.119,0.037,0.0,0.562,0.678,0.432,0.384,0.297,0.0,0.663,0.157,342.0,0.0,0.0,0.0,1.0,0.0
144,udohek01,270.0,52.0,16.9,1.5,3.5,0.429,0.0,0.0,0.0,1.5,3.5,0.431,0.429,0.9,1.3,0.72,1.3,1.8,3.2,0.7,0.5,1.2,0.7,2.1,4.0,udohek01,270.0,4564.0,0.429,7.2,0.997,0.349,0.352,0.175,0.121,0.003,0.431,0.55,0.355,0.407,0.339,0.0,0.604,0.068,60.0,0.0,0.0,0.0,0.0,0.0
145,paytoel01,214.0,167.0,29.7,4.3,9.8,0.439,0.4,1.2,0.286,4.0,8.6,0.461,0.457,1.5,2.5,0.591,1.1,2.8,3.9,6.2,1.4,0.3,2.4,2.2,10.5,paytoel01,214.0,6347.0,0.439,8.5,0.875,0.425,0.238,0.097,0.114,0.125,0.461,0.566,0.384,0.368,0.313,0.286,0.203,0.026,49.0,0.92,0.279,0.329,3.0,0.0
146,millsel01,67.0,5.0,16.4,1.4,4.1,0.332,0.4,1.5,0.284,0.9,2.6,0.36,0.384,1.1,1.6,0.683,0.5,2.3,2.8,1.1,0.9,0.3,1.1,2.3,4.2,millsel01,67.0,1097.0,0.332,13.0,0.632,0.336,0.162,0.058,0.076,0.368,0.36,0.484,0.244,0.188,0.19,0.284,0.365,0.025,5.0,0.966,0.353,0.333,2.0,0.0
147,williel01,109.0,2.0,13.5,1.8,4.2,0.421,0.5,1.6,0.31,1.3,2.6,0.489,0.48,0.9,1.3,0.669,0.3,1.1,1.5,0.9,0.4,0.1,0.7,1.4,4.9,williel01,109.0,1470.0,0.421,13.1,0.62,0.376,0.1,0.035,0.109,0.38,0.489,0.616,0.217,0.25,0.38,0.31,0.568,0.092,38.0,0.833,0.218,0.237,1.0,0.0
148,brandel01,1058.0,868.0,33.0,6.2,12.5,0.5,0.0,0.0,0.095,6.2,12.4,0.501,0.501,3.4,4.7,0.736,3.1,5.4,8.5,2.1,0.9,1.7,1.9,2.9,15.9,brandel01,977.0,31911.0,0.502,8.4,0.998,0.294,0.257,0.321,0.126,0.002,0.503,0.65,0.462,0.446,0.39,0.105,0.627,0.047,532.0,1.0,0.368,0.0,1.0,0.0
149,mudiaem01,113.0,107.0,29.3,4.5,12.3,0.365,1.1,3.5,0.315,3.4,8.8,0.385,0.409,2.2,3.1,0.714,0.5,2.9,3.4,4.9,0.9,0.4,2.9,2.0,12.3,mudiaem01,112.0,3305.0,0.365,12.7,0.719,0.314,0.117,0.134,0.153,0.281,0.385,0.486,0.276,0.301,0.338,0.315,0.314,0.021,25.0,0.797,0.133,0.288,2.0,0.0
150,kanteen01,421.0,114.0,21.3,4.5,8.5,0.529,0.1,0.2,0.317,4.4,8.3,0.536,0.534,2.0,2.6,0.767,2.7,4.1,6.7,0.6,0.4,0.5,1.5,2.1,11.1,kanteen01,420.0,8961.0,0.531,6.5,0.972,0.508,0.218,0.118,0.129,0.028,0.537,0.653,0.437,0.405,0.366,0.32,0.54,0.054,173.0,0.969,0.65,0.323,1.0,0.0
151,bledser01,408.0,246.0,26.9,4.6,10.2,0.446,0.8,2.5,0.333,3.7,7.7,0.483,0.487,3.0,3.8,0.799,0.8,3.0,3.8,4.5,1.4,0.5,2.7,2.0,13.0,bledser01,408.0,10994.0,0.446,12.4,0.753,0.33,0.149,0.084,0.19,0.247,0.483,0.618,0.383,0.403,0.362,0.333,0.197,0.021,73.0,0.583,0.164,0.314,12.0,0.0
152,gordoer01,470.0,406.0,33.5,5.7,13.1,0.433,2.1,5.4,0.383,3.6,7.8,0.468,0.511,3.3,4.0,0.816,0.5,2.1,2.5,3.2,1.0,0.3,2.2,2.0,16.7,gordoer01,470.0,15764.0,0.433,14.9,0.592,0.274,0.129,0.045,0.143,0.408,0.468,0.587,0.353,0.325,0.389,0.383,0.437,0.021,116.0,0.86,0.125,0.378,16.0,0.0
153,greener01,52.0,1.0,8.7,1.3,3.4,0.377,0.3,1.0,0.288,1.0,2.4,0.415,0.42,0.2,0.3,0.857,0.2,0.5,0.7,0.8,0.3,0.0,0.3,0.6,3.1,greener01,52.0,452.0,0.377,17.2,0.703,0.069,0.131,0.137,0.366,0.297,0.415,0.667,0.478,0.333,0.375,0.288,0.451,0.017,3.0,0.933,0.308,0.375,0.0,0.0
154,ilyaser01,583.0,353.0,24.4,4.1,9.4,0.443,1.1,3.0,0.367,3.1,6.4,0.478,0.501,1.6,2.1,0.768,1.8,4.1,6.0,1.1,0.7,0.4,1.0,2.5,11.0,ilyaser01,583.0,14230.0,0.443,13.9,0.684,0.297,0.099,0.084,0.204,0.316,0.478,0.589,0.331,0.373,0.431,0.367,0.711,0.009,44.0,0.954,0.133,0.378,4.0,0.0
155,fournev01,297.0,155.0,25.9,4.2,9.5,0.445,1.4,3.8,0.379,2.8,5.7,0.488,0.52,2.0,2.5,0.791,0.5,2.1,2.6,2.2,0.8,0.1,1.5,2.4,11.9,fournev01,297.0,7684.0,0.445,14.0,0.602,0.301,0.144,0.054,0.103,0.398,0.488,0.627,0.348,0.377,0.333,0.379,0.466,0.019,50.0,0.85,0.204,0.404,10.0,0.0
156,turneev01,519.0,251.0,28.3,4.3,9.9,0.432,0.4,1.4,0.302,3.9,8.5,0.453,0.453,1.7,2.1,0.783,0.6,4.4,5.0,3.7,0.8,0.2,1.9,2.0,10.6,turneev01,519.0,14701.0,0.432,12.1,0.862,0.222,0.163,0.262,0.215,0.138,0.453,0.605,0.383,0.419,0.391,0.302,0.355,0.02,96.0,0.916,0.447,0.36,5.0,0.0
157,ezelife01,170.0,61.0,14.1,1.6,3.2,0.513,0.0,0.0,0.0,1.6,3.2,0.513,0.513,1.0,1.7,0.557,1.7,2.5,4.3,0.4,0.3,1.0,0.8,1.9,4.2,ezelife01,170.0,2394.0,0.513,3.9,1.0,0.58,0.317,0.073,0.03,0.0,0.513,0.646,0.382,0.154,0.188,0.0,0.702,0.293,135.0,0.0,0.0,0.0,0.0,0.0
158,garcifr01,549.0,137.0,21.6,2.8,6.7,0.427,1.1,3.0,0.357,1.8,3.7,0.484,0.507,1.1,1.4,0.799,0.5,2.0,2.6,1.4,0.8,0.7,1.0,2.2,7.9,garcifr01,549.0,11853.0,0.427,16.7,0.555,0.21,0.055,0.067,0.223,0.445,0.484,0.654,0.379,0.365,0.385,0.357,0.554,0.013,42.0,0.916,0.336,0.397,5.0,0.0
159,kaminfr01,136.0,15.0,22.8,3.2,8.0,0.4,1.1,3.3,0.322,2.2,4.8,0.454,0.466,1.4,1.9,0.736,0.8,3.5,4.3,1.6,0.6,0.5,0.8,1.6,8.9,kaminfr01,136.0,3098.0,0.4,13.6,0.594,0.281,0.21,0.054,0.048,0.406,0.454,0.544,0.409,0.271,0.34,0.322,0.61,0.026,25.0,0.993,0.126,0.339,5.0,0.0
160,aldemfu01,41.0,9.0,13.2,1.0,1.9,0.513,0.0,0.1,0.0,1.0,1.8,0.548,0.513,0.3,0.7,0.481,1.9,2.4,4.3,0.7,0.4,0.4,0.4,2.3,2.3,aldemfu01,41.0,540.0,0.513,5.9,0.936,0.628,0.167,0.013,0.128,0.064,0.548,0.694,0.154,1.0,0.3,0.0,0.45,0.128,10.0,0.0,0.0,0.0,0.0,0.0
161,templga01,358.0,116.0,17.7,1.7,4.3,0.402,0.7,1.9,0.342,1.1,2.4,0.45,0.478,0.8,1.1,0.715,0.4,1.5,1.9,1.5,0.8,0.2,0.8,1.7,4.9,templga01,358.0,6345.0,0.402,16.1,0.557,0.235,0.065,0.068,0.19,0.443,0.45,0.585,0.35,0.381,0.339,0.342,0.528,0.014,20.0,0.923,0.445,0.359,4.0,0.0
162,harriga01,165.0,115.0,25.1,3.7,8.2,0.446,1.1,3.3,0.346,2.5,4.9,0.513,0.516,1.2,1.6,0.785,0.6,1.7,2.4,1.6,1.1,0.2,1.1,1.6,9.7,harriga01,164.0,4110.0,0.444,13.6,0.598,0.342,0.088,0.07,0.098,0.402,0.513,0.602,0.381,0.415,0.389,0.343,0.627,0.061,72.0,0.946,0.324,0.345,2.0,0.0
163,nealga01,352.0,31.0,21.3,3.6,8.6,0.422,1.3,3.4,0.382,2.3,5.2,0.448,0.498,1.3,1.5,0.85,0.2,1.9,2.2,1.6,0.4,0.0,1.0,1.5,9.9,nealga01,352.0,7507.0,0.422,17.4,0.602,0.071,0.153,0.151,0.227,0.398,0.448,0.526,0.436,0.481,0.41,0.382,0.46,0.0,1.0,0.707,0.18,0.407,2.0,0.0
164,hillge01,582.0,357.0,28.9,4.1,9.1,0.452,1.2,3.3,0.378,2.9,5.9,0.493,0.519,2.2,2.7,0.801,0.6,2.6,3.2,3.3,0.9,0.3,1.3,2.2,11.6,hillge01,582.0,16824.0,0.452,14.8,0.643,0.233,0.127,0.107,0.176,0.357,0.493,0.646,0.441,0.42,0.372,0.378,0.343,0.015,76.0,0.787,0.357,0.399,17.0,0.0
165,greenge01,533.0,116.0,19.7,3.5,8.5,0.42,1.3,3.6,0.362,2.3,4.9,0.462,0.496,1.3,1.6,0.814,0.5,1.9,2.4,1.0,0.5,0.3,1.2,1.9,9.7,greenge01,533.0,10496.0,0.42,16.9,0.578,0.162,0.077,0.128,0.211,0.422,0.462,0.617,0.408,0.417,0.391,0.362,0.474,0.057,221.0,0.866,0.273,0.385,15.0,1.0
166,hendege02,515.0,328.0,26.1,4.3,9.6,0.443,0.5,1.4,0.328,3.8,8.3,0.462,0.466,2.4,3.0,0.796,0.6,2.6,3.2,1.9,0.7,0.3,1.2,1.7,11.3,hendege02,514.0,13413.0,0.443,13.3,0.859,0.231,0.111,0.173,0.343,0.141,0.462,0.635,0.338,0.413,0.412,0.327,0.556,0.051,231.0,0.921,0.38,0.387,14.0,0.0
167,wallage01,832.0,611.0,29.7,4.2,9.0,0.469,0.5,1.6,0.312,3.7,7.4,0.502,0.496,3.0,4.2,0.709,1.4,4.4,5.8,2.1,1.4,0.8,1.8,2.2,11.9,wallage01,832.0,24731.0,0.469,8.7,0.826,0.543,0.081,0.027,0.175,0.174,0.502,0.587,0.33,0.307,0.351,0.312,0.553,0.085,567.0,0.963,0.473,0.33,6.0,0.0
168,antetgi01,292.0,227.0,31.4,5.2,10.5,0.495,0.4,1.4,0.279,4.8,9.1,0.528,0.514,3.4,4.6,0.742,1.3,5.4,6.7,3.4,1.1,1.3,2.3,3.0,14.3,antetgi01,292.0,9175.0,0.495,8.4,0.867,0.499,0.16,0.061,0.146,0.133,0.528,0.666,0.332,0.323,0.36,0.279,0.49,0.146,425.0,0.737,0.181,0.23,8.0,0.0
169,davisgl01,514.0,121.0,21.1,3.1,7.0,0.447,0.0,0.1,0.182,3.1,6.9,0.451,0.448,1.7,2.4,0.7,1.4,2.9,4.4,0.9,0.7,0.3,1.0,2.4,8.0,davisgl01,514.0,10865.0,0.447,9.7,0.985,0.351,0.188,0.135,0.31,0.015,0.451,0.607,0.365,0.377,0.358,0.182,0.689,0.021,69.0,0.7,0.127,0.286,8.0,0.0
170,robingl02,135.0,32.0,14.6,1.6,3.7,0.441,0.4,1.1,0.368,1.2,2.5,0.474,0.498,0.6,0.9,0.702,0.6,1.7,2.3,0.6,0.4,0.2,0.5,0.7,4.3,robingl02,135.0,1973.0,0.441,12.2,0.689,0.228,0.098,0.06,0.204,0.311,0.474,0.588,0.449,0.4,0.392,0.368,0.62,0.082,36.0,1.0,0.484,0.427,0.0,0.0
171,dragigo01,623.0,387.0,27.4,4.8,10.2,0.472,1.1,2.9,0.363,3.8,7.3,0.516,0.524,2.3,3.1,0.753,0.7,2.2,2.9,4.8,1.0,0.2,2.3,2.3,13.1,dragigo01,623.0,17088.0,0.472,12.5,0.714,0.324,0.123,0.135,0.133,0.286,0.516,0.667,0.384,0.399,0.392,0.363,0.259,0.007,41.0,0.66,0.214,0.379,6.0,0.0
172,haywago01,494.0,386.0,31.2,5.2,11.7,0.442,1.3,3.6,0.364,3.9,8.1,0.476,0.497,3.8,4.6,0.823,0.7,3.4,4.1,3.4,1.0,0.4,2.1,1.8,15.4,haywago01,493.0,15380.0,0.441,14.3,0.695,0.229,0.144,0.101,0.221,0.305,0.475,0.634,0.372,0.431,0.398,0.364,0.437,0.053,278.0,0.861,0.213,0.388,4.0,0.0
173,dienggo01,272.0,160.0,25.9,3.4,6.6,0.515,0.1,0.2,0.339,3.3,6.4,0.521,0.521,2.0,2.5,0.778,2.3,4.9,7.1,1.6,0.9,1.2,1.4,2.6,8.8,dienggo01,272.0,7056.0,0.515,8.3,0.969,0.394,0.214,0.161,0.198,0.031,0.521,0.655,0.384,0.502,0.417,0.339,0.705,0.109,179.0,1.0,0.607,0.441,5.0,0.0
174,monrogr01,511.0,401.0,30.0,5.7,11.1,0.511,0.0,0.0,0.0,5.7,11.1,0.512,0.511,2.9,4.1,0.703,3.0,5.9,8.9,2.2,1.2,0.6,2.0,2.3,14.2,monrogr01,511.0,15310.0,0.511,4.4,0.998,0.569,0.296,0.053,0.079,0.002,0.512,0.618,0.38,0.376,0.333,0.0,0.536,0.038,194.0,0.0,0.1,0.0,6.0,0.0
175,smithgr02,149.0,12.0,12.3,1.6,2.6,0.617,0.0,0.0,0.0,1.6,2.6,0.618,0.617,0.7,1.3,0.576,1.1,2.2,3.3,0.3,0.2,0.4,0.4,1.9,4.0,smithgr02,149.0,1834.0,0.617,2.6,0.997,0.739,0.251,0.003,0.005,0.003,0.618,0.701,0.384,0.0,0.5,0.0,0.737,0.246,85.0,0.0,0.0,0.0,1.0,0.0
176,stiemgr01,203.0,42.0,15.0,1.3,2.6,0.509,0.0,0.0,0.0,1.3,2.6,0.509,0.509,0.5,0.7,0.705,0.9,2.4,3.3,0.5,0.6,1.1,0.7,2.5,3.2,stiemgr01,203.0,3048.0,0.509,8.6,0.998,0.442,0.138,0.115,0.302,0.002,0.509,0.641,0.342,0.426,0.425,0.0,0.851,0.106,46.0,0.0,0.0,0.0,0.0,0.0
177,vasqugr01,401.0,157.0,23.7,3.4,8.2,0.418,1.0,2.9,0.349,2.4,5.3,0.456,0.48,1.1,1.3,0.817,0.3,2.2,2.5,4.8,0.6,0.1,1.9,1.9,9.0,vasqugr01,401.0,9520.0,0.418,14.5,0.642,0.153,0.291,0.083,0.114,0.358,0.456,0.585,0.404,0.442,0.43,0.349,0.24,0.002,3.0,0.784,0.123,0.386,18.0,0.0
178,barneha02,363.0,302.0,29.3,4.4,9.8,0.454,0.9,2.6,0.368,3.5,7.2,0.484,0.502,1.8,2.3,0.762,1.1,3.7,4.7,1.5,0.7,0.2,1.1,1.8,11.6,barneha02,363.0,10629.0,0.454,13.0,0.738,0.243,0.177,0.133,0.185,0.262,0.484,0.663,0.41,0.366,0.407,0.368,0.532,0.077,256.0,0.962,0.401,0.391,1.0,0.0
179,whiteha01,192.0,127.0,26.5,5.4,9.1,0.591,0.0,0.0,0.0,5.4,9.1,0.591,0.591,2.2,3.8,0.588,3.0,8.0,11.0,0.4,0.6,2.7,1.6,2.6,13.1,whiteha01,192.0,5090.0,0.591,4.9,1.0,0.479,0.351,0.103,0.064,0.0,0.591,0.757,0.452,0.411,0.407,0.0,0.619,0.207,346.0,0.0,0.0,0.0,0.0,0.0
180,turkohe01,997.0,571.0,26.8,3.9,9.1,0.426,1.2,3.3,0.384,2.6,5.8,0.45,0.495,2.1,2.7,0.784,0.6,3.3,4.0,2.8,0.8,0.3,1.6,2.4,11.1,turkohe01,997.0,26695.0,0.426,15.5,0.641,0.225,0.085,0.119,0.212,0.359,0.45,0.568,0.34,0.416,0.387,0.384,0.365,0.019,149.0,0.827,0.179,0.428,29.0,0.0
181,simshe01,135.0,61.0,18.8,3.0,6.3,0.471,0.0,0.2,0.174,3.0,6.2,0.479,0.473,1.6,2.1,0.767,1.8,3.1,5.0,1.0,0.6,0.5,1.1,2.1,7.6,simshe01,135.0,2542.0,0.471,9.1,0.973,0.355,0.208,0.172,0.237,0.027,0.479,0.595,0.416,0.408,0.414,0.174,0.682,0.033,27.0,1.0,0.217,0.0,0.0,0.0
182,walkebi01,181.0,35.0,16.7,2.1,4.8,0.446,1.0,2.8,0.369,1.1,1.9,0.56,0.556,0.6,0.9,0.76,0.3,1.9,2.2,0.8,0.5,0.1,0.8,2.1,6.0,walkebi01,181.0,3016.0,0.446,17.2,0.405,0.225,0.081,0.024,0.072,0.595,0.56,0.723,0.329,0.238,0.435,0.369,0.628,0.079,62.0,0.974,0.206,0.34,1.0,0.0
183,thompho01,257.0,82.0,24.3,2.8,6.8,0.417,1.4,3.6,0.389,1.5,3.3,0.447,0.518,0.8,1.1,0.707,0.8,2.4,3.1,1.1,0.6,0.3,0.8,2.1,7.9,thompho01,257.0,6238.0,0.417,16.8,0.478,0.197,0.112,0.061,0.108,0.522,0.447,0.601,0.327,0.43,0.302,0.389,0.661,0.015,22.0,0.972,0.273,0.442,2.0,0.0
184,clarkia01,171.0,1.0,9.8,1.5,3.5,0.442,0.6,1.5,0.37,1.0,2.0,0.497,0.522,0.4,0.5,0.8,0.2,0.9,1.0,0.9,0.4,0.1,0.6,0.9,4.1,clarkia01,171.0,1678.0,0.442,15.4,0.568,0.22,0.134,0.111,0.103,0.432,0.497,0.626,0.375,0.424,0.459,0.37,0.607,0.003,2.0,0.947,0.311,0.35,2.0,0.0
185,mahinia01,443.0,92.0,16.7,1.9,3.6,0.535,0.0,0.0,0.0,1.9,3.6,0.537,0.535,1.3,2.1,0.596,1.4,2.9,4.3,0.5,0.5,0.7,0.9,2.6,5.1,mahinia01,443.0,7414.0,0.535,5.4,0.996,0.568,0.232,0.059,0.137,0.004,0.537,0.662,0.416,0.33,0.312,0.0,0.698,0.15,214.0,0.0,0.0,0.0,6.0,0.0
186,shumpim01,346.0,184.0,25.6,2.7,6.9,0.397,1.0,3.0,0.345,1.7,3.9,0.436,0.472,0.9,1.2,0.76,0.8,2.7,3.5,1.9,1.2,0.2,1.2,2.4,7.4,shumpim01,346.0,8844.0,0.397,16.4,0.564,0.22,0.074,0.068,0.201,0.436,0.436,0.567,0.225,0.307,0.416,0.345,0.371,0.046,80.0,0.898,0.4,0.364,11.0,0.0
187,canaais01,179.0,60.0,20.8,2.8,7.5,0.369,1.7,4.9,0.354,1.1,2.7,0.396,0.483,1.4,1.7,0.827,0.3,1.6,1.9,1.6,0.6,0.1,1.1,1.5,8.7,canaais01,179.0,3728.0,0.369,18.8,0.353,0.15,0.093,0.041,0.07,0.647,0.396,0.488,0.36,0.291,0.309,0.354,0.344,0.001,2.0,0.693,0.204,0.371,1.0,0.0
188,thomais02,418.0,286.0,29.8,6.1,13.7,0.443,1.9,5.2,0.367,4.2,8.5,0.488,0.512,4.7,5.4,0.874,0.6,2.0,2.6,5.2,1.0,0.1,2.3,2.2,18.7,thomais02,418.0,12475.0,0.443,13.9,0.623,0.269,0.157,0.094,0.104,0.377,0.488,0.617,0.361,0.425,0.402,0.367,0.299,0.0,0.0,0.642,0.156,0.405,8.0,0.0
189,whiteis01,48.0,26.0,21.8,2.7,6.9,0.387,0.6,1.9,0.315,2.1,5.1,0.414,0.429,1.1,1.3,0.825,0.3,2.1,2.4,2.9,0.6,0.5,2.0,2.5,7.0,whiteis01,48.0,1048.0,0.387,11.6,0.733,0.387,0.168,0.051,0.129,0.267,0.414,0.488,0.357,0.353,0.302,0.315,0.317,0.015,3.0,0.821,0.124,0.455,3.0,0.0
190,smithis01,380.0,96.0,17.4,2.6,6.4,0.408,0.3,1.0,0.288,2.3,5.5,0.429,0.43,0.7,1.0,0.652,0.3,1.9,2.2,3.6,0.7,0.2,1.3,1.1,6.2,smithis01,380.0,6619.0,0.408,10.2,0.849,0.327,0.25,0.107,0.164,0.151,0.429,0.54,0.364,0.363,0.349,0.288,0.174,0.007,16.0,0.679,0.166,0.279,3.0,0.0
191,bareajo01,678.0,90.0,19.4,3.3,7.7,0.423,0.9,2.6,0.351,2.4,5.2,0.459,0.481,1.1,1.4,0.801,0.3,1.7,2.0,3.6,0.4,0.0,1.4,1.5,8.6,bareajo01,678.0,13155.0,0.423,13.1,0.671,0.295,0.172,0.089,0.115,0.329,0.459,0.555,0.355,0.42,0.396,0.351,0.161,0.0,0.0,0.56,0.134,0.377,10.0,0.0
192,hicksjj01,534.0,307.0,22.3,3.8,7.6,0.505,0.0,0.0,0.0,3.8,7.6,0.508,0.505,1.8,3.0,0.617,2.2,4.6,6.8,0.8,0.5,0.6,1.4,1.9,9.5,hicksjj01,534.0,11925.0,0.505,6.0,0.995,0.525,0.221,0.118,0.13,0.005,0.508,0.657,0.357,0.331,0.323,0.0,0.681,0.165,611.0,0.0,0.19,0.0,3.0,0.0
193,redicjj01,666.0,295.0,24.8,4.0,8.9,0.447,1.8,4.4,0.413,2.2,4.5,0.48,0.549,2.0,2.3,0.887,0.2,1.7,1.9,1.9,0.5,0.1,1.0,1.5,11.8,redicjj01,666.0,16495.0,0.447,19.1,0.505,0.109,0.055,0.061,0.279,0.495,0.48,0.619,0.407,0.402,0.457,0.413,0.714,0.0,0.0,0.909,0.206,0.471,1.0,0.0
194,smithjr01,860.0,316.0,26.9,4.7,11.2,0.421,2.0,5.4,0.375,2.7,5.8,0.465,0.512,1.6,2.2,0.734,0.5,2.7,3.2,2.2,1.0,0.2,1.4,2.3,13.1,smithjr01,860.0,23150.0,0.421,17.7,0.519,0.18,0.081,0.059,0.2,0.481,0.465,0.606,0.356,0.351,0.416,0.375,0.361,0.041,333.0,0.858,0.17,0.402,56.0,0.0
195,parkeja01,152.0,147.0,32.1,6.4,13.0,0.491,0.5,1.5,0.341,5.9,11.5,0.511,0.511,2.5,3.4,0.748,1.7,3.9,5.6,2.1,1.0,0.4,1.7,2.0,15.8,parkeja01,152.0,4874.0,0.491,9.0,0.884,0.437,0.156,0.111,0.18,0.116,0.511,0.671,0.341,0.374,0.354,0.341,0.648,0.142,264.0,0.949,0.341,0.397,3.0,0.0
196,crowdja01,358.0,161.0,22.6,3.0,7.0,0.434,1.1,3.3,0.342,1.9,3.7,0.516,0.514,1.4,1.8,0.791,0.7,2.9,3.6,1.3,1.0,0.3,0.8,1.9,8.6,crowdja01,358.0,8089.0,0.434,16.2,0.528,0.243,0.067,0.06,0.157,0.472,0.516,0.697,0.304,0.38,0.378,0.342,0.693,0.024,56.0,0.95,0.257,0.407,8.0,0.0
197,okafoja01,92.0,71.0,27.0,6.3,12.4,0.509,0.0,0.1,0.167,6.3,12.3,0.511,0.51,2.3,3.5,0.656,2.0,4.1,6.1,1.2,0.4,1.1,2.0,2.5,14.9,okafoja01,91.0,2465.0,0.509,6.2,0.995,0.393,0.349,0.184,0.071,0.005,0.511,0.685,0.443,0.356,0.275,0.167,0.408,0.053,55.0,1.0,0.167,0.0,0.0,0.0
198,sampsja02,147.0,72.0,15.6,1.9,4.5,0.431,0.3,1.3,0.237,1.6,3.2,0.51,0.465,1.0,1.5,0.662,0.6,1.9,2.4,0.8,0.4,0.4,1.0,1.9,5.2,sampsja02,147.0,2291.0,0.431,10.1,0.713,0.407,0.22,0.051,0.036,0.287,0.51,0.652,0.336,0.294,0.25,0.237,0.519,0.09,49.0,0.933,0.389,0.216,2.0,0.0
199,crawfja01,1157.0,433.0,30.7,5.3,13.0,0.41,1.7,5.0,0.349,3.6,8.0,0.448,0.477,3.0,3.5,0.861,0.4,2.0,2.4,3.5,0.9,0.2,1.9,1.6,15.4,crawfja01,1157.0,35505.0,0.41,17.0,0.617,0.138,0.11,0.111,0.257,0.383,0.448,0.552,0.417,0.408,0.422,0.349,0.294,0.007,95.0,0.757,0.26,0.384,68.0,4.0
200,murraja01,57.0,3.0,19.9,3.1,8.0,0.388,1.3,3.9,0.326,1.8,4.1,0.447,0.467,1.2,1.4,0.877,0.6,1.9,2.5,1.8,0.5,0.3,1.3,1.4,8.7,murraja01,57.0,1134.0,0.388,16.6,0.515,0.215,0.099,0.088,0.116,0.485,0.447,0.592,0.422,0.3,0.302,0.326,0.495,0.02,8.0,0.736,0.244,0.407,5.0,0.0
201,nelsoja01,811.0,622.0,28.4,4.5,10.3,0.437,1.3,3.6,0.369,3.1,6.6,0.475,0.503,1.5,1.8,0.811,0.5,2.5,3.0,5.2,0.9,0.1,2.1,2.6,11.8,nelsoja01,810.0,22984.0,0.437,15.4,0.646,0.247,0.085,0.074,0.239,0.354,0.475,0.589,0.388,0.378,0.417,0.369,0.205,0.0,1.0,0.647,0.151,0.417,12.0,1.0
202,anderja01,247.0,83.0,17.5,2.1,5.2,0.411,0.8,2.5,0.321,1.3,2.7,0.495,0.488,0.7,0.9,0.755,0.4,1.8,2.3,1.2,0.5,0.2,0.9,1.2,5.8,anderja01,247.0,4320.0,0.411,15.1,0.521,0.294,0.106,0.049,0.073,0.479,0.495,0.627,0.348,0.29,0.312,0.321,0.641,0.053,58.0,0.913,0.298,0.368,5.0,0.0
203,ennisja01,128.0,30.0,19.5,2.1,4.7,0.449,0.8,2.0,0.389,1.3,2.7,0.493,0.532,1.3,1.7,0.802,1.0,2.1,3.2,0.9,0.6,0.3,0.8,1.9,6.3,ennisja01,128.0,2498.0,0.449,13.3,0.573,0.385,0.09,0.017,0.081,0.427,0.493,0.599,0.259,0.4,0.265,0.389,0.618,0.08,42.0,0.92,0.385,0.424,1.0,0.0
204,hardeja01,593.0,380.0,33.5,6.4,14.5,0.442,2.2,6.0,0.365,4.2,8.5,0.497,0.518,6.8,7.9,0.855,0.8,4.2,4.9,5.5,1.5,0.4,3.3,2.5,21.9,hardeja01,593.0,19894.0,0.442,14.6,0.585,0.283,0.117,0.068,0.117,0.415,0.497,0.635,0.327,0.414,0.381,0.365,0.22,0.032,266.0,0.579,0.096,0.382,10.0,1.0
205,johnsja01,450.0,140.0,19.2,2.9,6.0,0.478,0.3,1.2,0.293,2.5,4.8,0.524,0.507,1.1,1.6,0.692,0.9,2.5,3.4,1.7,0.7,1.0,1.4,2.2,7.2,johnsja01,450.0,8651.0,0.478,10.0,0.801,0.437,0.165,0.053,0.145,0.199,0.524,0.649,0.414,0.408,0.315,0.293,0.438,0.098,242.0,0.949,0.391,0.344,11.0,0.0
206,jonesja02,697.0,92.0,15.7,1.7,4.3,0.401,1.1,2.7,0.402,0.6,1.5,0.4,0.531,0.8,0.9,0.842,0.3,1.5,1.8,0.5,0.3,0.3,0.3,1.3,5.3,jonesja02,697.0,10959.0,0.401,21.4,0.355,0.048,0.019,0.056,0.233,0.645,0.4,0.542,0.286,0.394,0.382,0.402,0.732,0.007,18.0,0.975,0.385,0.453,0.0,0.0
207,mcadoja01,86.0,1.0,7.8,1.3,2.3,0.548,0.0,0.1,0.2,1.2,2.2,0.557,0.551,0.6,1.0,0.533,0.7,1.0,1.7,0.4,0.3,0.4,0.4,1.0,3.1,mcadoja01,86.0,672.0,0.548,4.1,0.975,0.635,0.218,0.056,0.066,0.025,0.557,0.688,0.186,0.727,0.385,0.2,0.822,0.254,46.0,1.0,0.2,0.0,0.0,0.0
208,youngja01,80.0,0.0,8.6,0.9,2.3,0.376,0.4,1.4,0.283,0.5,0.9,0.529,0.464,0.3,0.5,0.55,0.2,0.9,1.1,0.3,0.2,0.1,0.2,0.6,2.4,youngja01,80.0,685.0,0.376,19.3,0.376,0.133,0.066,0.05,0.127,0.624,0.529,0.75,0.5,0.333,0.391,0.283,0.806,0.022,3.0,0.969,0.274,0.194,2.0,0.0
209,greenja01,158.0,72.0,20.3,2.8,5.8,0.479,0.3,1.0,0.344,2.4,4.8,0.507,0.508,1.4,1.7,0.775,1.8,3.5,5.2,0.9,0.6,0.4,1.1,2.6,7.3,greenja01,158.0,3209.0,0.479,9.7,0.829,0.469,0.11,0.06,0.19,0.171,0.507,0.588,0.366,0.418,0.414,0.344,0.629,0.121,92.0,0.981,0.58,0.363,1.0,0.0
210,pargoja01,499.0,18.0,14.9,2.5,6.3,0.391,0.8,2.3,0.356,1.7,4.0,0.411,0.455,0.6,0.7,0.864,0.2,1.2,1.4,2.0,0.5,0.1,1.1,1.3,6.4,pargoja01,499.0,7449.0,0.391,18.2,0.642,0.107,0.046,0.106,0.382,0.358,0.411,0.481,0.34,0.368,0.411,0.356,0.376,0.0,0.0,0.773,0.221,0.399,12.0,1.0
211,cunnija01,84.0,3.0,7.2,0.7,2.1,0.347,0.2,0.7,0.306,0.5,1.3,0.369,0.402,0.7,1.0,0.674,0.1,0.6,0.7,0.5,0.3,0.0,0.4,0.9,2.3,cunnija01,84.0,605.0,0.347,13.1,0.642,0.335,0.127,0.029,0.15,0.358,0.369,0.534,0.136,0.2,0.231,0.306,0.707,0.075,11.0,1.0,0.468,0.414,1.0,0.0
212,dudleja01,716.0,260.0,24.1,3.0,6.5,0.47,1.1,2.6,0.401,2.0,3.8,0.518,0.552,1.2,1.6,0.732,1.0,2.4,3.4,1.6,0.9,0.2,0.9,1.8,8.3,dudleja01,716.0,17232.0,0.47,16.1,0.593,0.222,0.064,0.073,0.234,0.407,0.518,0.65,0.351,0.432,0.465,0.401,0.718,0.008,36.0,0.996,0.354,0.412,5.0,0.0
213,sullija01,269.0,172.0,24.3,4.4,10.0,0.436,0.5,1.9,0.272,3.8,8.1,0.476,0.463,1.5,2.1,0.723,2.5,4.9,7.5,1.8,0.7,0.6,1.2,2.9,10.8,sullija01,269.0,6532.0,0.436,11.4,0.807,0.305,0.223,0.096,0.182,0.193,0.476,0.611,0.385,0.363,0.42,0.272,0.54,0.019,47.0,0.986,0.068,0.343,7.0,0.0
214,martija01,67.0,3.0,13.7,1.6,3.9,0.415,0.1,0.4,0.321,1.5,3.5,0.427,0.433,1.2,1.6,0.755,1.1,2.5,3.6,0.3,0.3,0.2,0.7,2.2,4.6,martija01,67.0,918.0,0.415,9.0,0.892,0.488,0.131,0.081,0.192,0.108,0.427,0.488,0.294,0.571,0.3,0.321,0.606,0.077,14.0,1.0,0.536,0.467,2.0,0.0
215,jackja01,803.0,343.0,28.1,4.0,9.0,0.44,0.7,2.1,0.346,3.2,6.9,0.47,0.482,2.4,2.8,0.856,0.3,2.5,2.9,4.5,0.8,0.1,2.0,1.8,11.1,jackja01,803.0,22559.0,0.44,14.3,0.762,0.178,0.173,0.146,0.265,0.238,0.47,0.582,0.452,0.428,0.43,0.346,0.219,0.002,12.0,0.802,0.278,0.395,33.0,1.0
216,maxieja01,618.0,188.0,18.4,2.3,4.6,0.495,0.0,0.0,0.0,2.3,4.6,0.496,0.495,1.1,2.0,0.564,1.7,2.5,4.2,0.4,0.4,0.8,0.8,1.9,5.6,maxieja01,618.0,11379.0,0.495,7.8,0.998,0.425,0.172,0.195,0.207,0.002,0.496,0.637,0.47,0.376,0.341,0.0,0.681,0.179,420.0,0.0,0.0,0.0,2.0,0.0
217,richaja01,857.0,842.0,34.1,6.5,14.8,0.438,1.9,5.1,0.37,4.6,9.7,0.474,0.502,2.2,3.2,0.707,1.2,3.7,5.0,2.7,1.2,0.4,1.8,2.3,17.1,richaja01,857.0,29241.0,0.438,14.1,0.657,0.263,0.124,0.087,0.184,0.343,0.474,0.651,0.363,0.336,0.36,0.37,0.512,0.059,669.0,0.877,0.271,0.399,21.0,1.0
218,smithja02,542.0,98.0,17.0,2.7,5.7,0.471,0.1,0.3,0.321,2.6,5.4,0.478,0.478,0.9,1.2,0.778,1.1,2.4,3.5,0.7,0.4,0.7,0.9,2.2,6.4,smithja02,542.0,9196.0,0.471,13.2,0.955,0.208,0.099,0.158,0.49,0.045,0.478,0.62,0.356,0.45,0.452,0.321,0.809,0.044,126.0,1.0,0.628,0.384,1.0,0.0
219,terryja01,1332.0,675.0,30.5,5.1,11.5,0.444,1.7,4.4,0.38,3.5,7.1,0.484,0.516,2.1,2.4,0.845,0.4,2.0,2.4,4.0,1.2,0.2,1.8,1.9,13.9,terryja01,1251.0,38771.0,0.445,16.6,0.615,0.141,0.094,0.145,0.235,0.385,0.485,0.591,0.415,0.45,0.471,0.382,0.389,0.007,101.0,0.824,0.289,0.418,22.0,1.0
220,thompja02,588.0,412.0,25.2,3.6,7.2,0.496,0.0,0.1,0.143,3.6,7.2,0.5,0.497,1.7,2.5,0.657,2.1,4.4,6.6,1.1,0.5,0.7,1.3,3.0,8.9,thompja02,588.0,14819.0,0.496,7.7,0.99,0.377,0.313,0.104,0.196,0.01,0.5,0.648,0.425,0.381,0.398,0.143,0.647,0.097,379.0,1.0,0.071,0.333,8.0,0.0
221,mcgeeja01,468.0,170.0,18.1,3.3,6.1,0.552,0.0,0.0,0.1,3.3,6.0,0.554,0.552,1.2,2.1,0.576,1.9,3.2,5.1,0.3,0.4,1.6,1.0,2.2,7.9,mcgeeja01,468.0,8476.0,0.552,4.0,0.996,0.611,0.268,0.084,0.033,0.004,0.554,0.689,0.36,0.286,0.305,0.1,0.644,0.297,788.0,1.0,0.0,0.0,1.0,0.0
222,brownja02,53.0,13.0,15.5,2.1,4.8,0.427,0.4,1.3,0.304,1.7,3.5,0.473,0.469,1.2,1.6,0.721,0.5,2.0,2.6,0.6,0.4,0.2,0.7,1.7,5.7,brownja02,53.0,821.0,0.427,10.4,0.729,0.435,0.161,0.075,0.059,0.271,0.473,0.595,0.341,0.263,0.2,0.304,0.636,0.067,15.0,0.952,0.304,0.429,1.0,0.0
223,adrieje01,153.0,17.0,14.0,1.7,3.6,0.474,0.0,0.0,0.0,1.7,3.6,0.476,0.474,1.2,1.9,0.628,1.4,2.9,4.3,0.7,0.3,0.5,0.6,1.7,4.6,adrieje01,153.0,2148.0,0.474,6.5,0.996,0.492,0.232,0.113,0.16,0.004,0.476,0.58,0.38,0.365,0.371,0.0,0.64,0.092,43.0,0.0,0.0,0.0,1.0,0.0
224,pendeje02,237.0,15.0,9.8,1.2,2.2,0.553,0.0,0.0,0.4,1.2,2.2,0.554,0.555,0.5,0.6,0.776,0.8,1.8,2.7,0.4,0.2,0.3,0.6,1.5,2.9,pendeje02,237.0,2322.0,0.553,6.7,0.99,0.518,0.179,0.123,0.17,0.01,0.554,0.691,0.366,0.531,0.352,0.4,0.779,0.2,91.0,1.0,0.4,0.5,0.0,0.0
225,greenje02,693.0,484.0,31.3,5.0,11.5,0.435,1.0,3.0,0.334,4.0,8.4,0.472,0.479,2.6,3.3,0.791,1.0,3.7,4.7,1.6,0.8,0.6,1.6,2.3,13.6,greenje02,693.0,21680.0,0.435,12.4,0.736,0.296,0.178,0.094,0.168,0.264,0.472,0.632,0.381,0.349,0.353,0.334,0.491,0.058,416.0,0.926,0.322,0.392,34.0,0.0
226,teaguje01,575.0,440.0,26.7,4.5,10.0,0.448,0.8,2.3,0.354,3.6,7.6,0.477,0.49,2.7,3.2,0.84,0.3,2.0,2.3,5.4,1.2,0.3,2.2,1.9,12.5,teaguje01,575.0,15374.0,0.448,10.8,0.765,0.34,0.231,0.092,0.103,0.235,0.477,0.59,0.387,0.411,0.363,0.354,0.193,0.021,110.0,0.653,0.098,0.389,7.0,0.0
227,witheje01,178.0,14.0,10.4,1.2,2.3,0.528,0.0,0.0,0.0,1.2,2.3,0.533,0.528,0.8,1.2,0.719,0.9,1.7,2.6,0.3,0.3,0.8,0.4,1.1,3.3,witheje01,178.0,1853.0,0.528,4.1,0.99,0.626,0.242,0.081,0.039,0.01,0.533,0.605,0.364,0.545,0.438,0.0,0.801,0.169,56.0,0.0,0.0,0.0,2.0,0.0
228,tayloje03,132.0,50.0,19.4,2.3,5.5,0.409,0.6,1.9,0.319,1.6,3.6,0.458,0.465,1.0,1.4,0.665,0.6,1.4,2.0,0.8,0.5,0.2,0.7,1.8,6.1,tayloje03,132.0,2566.0,0.409,13.3,0.648,0.358,0.07,0.059,0.161,0.352,0.458,0.622,0.137,0.233,0.314,0.319,0.687,0.1,66.0,0.988,0.444,0.395,1.0,0.0
229,grantje01,199.0,67.0,23.4,2.5,6.1,0.41,0.6,1.9,0.301,1.9,4.2,0.461,0.458,2.0,3.2,0.63,0.9,2.7,3.6,1.2,0.6,1.3,1.1,2.4,7.6,grantje01,198.0,4632.0,0.409,10.7,0.681,0.42,0.16,0.043,0.057,0.319,0.459,0.606,0.223,0.154,0.275,0.301,0.664,0.126,140.0,0.983,0.422,0.356,0.0,0.0
230,evansje01,249.0,9.0,10.5,1.5,2.6,0.568,0.0,0.1,0.231,1.4,2.5,0.582,0.573,0.6,0.8,0.687,1.0,1.6,2.6,0.4,0.4,0.5,0.3,1.2,3.5,evansje01,249.0,2621.0,0.568,7.2,0.959,0.534,0.152,0.092,0.182,0.041,0.582,0.748,0.412,0.373,0.345,0.231,0.72,0.286,167.0,1.0,0.423,0.273,1.0,0.0
231,lambje01,251.0,11.0,16.6,3.0,6.9,0.433,0.8,2.6,0.324,2.1,4.3,0.5,0.495,1.0,1.2,0.806,0.4,2.5,2.9,1.1,0.5,0.3,0.7,1.5,7.8,lambje01,251.0,4179.0,0.433,15.0,0.619,0.217,0.137,0.12,0.144,0.381,0.5,0.658,0.418,0.411,0.419,0.324,0.481,0.028,44.0,0.822,0.202,0.286,8.0,0.0
232,linje01,382.0,193.0,26.7,4.0,9.2,0.434,0.9,2.7,0.346,3.1,6.6,0.469,0.483,2.8,3.5,0.8,0.4,2.4,2.8,4.4,1.2,0.4,2.4,2.2,11.8,linje01,381.0,10174.0,0.433,12.6,0.712,0.307,0.173,0.078,0.153,0.288,0.469,0.599,0.366,0.359,0.38,0.345,0.287,0.003,11.0,0.749,0.144,0.39,1.0,0.0
233,grantje02,122.0,23.0,16.6,2.0,5.0,0.398,0.4,1.6,0.281,1.5,3.4,0.451,0.442,1.2,1.5,0.824,0.3,1.5,1.8,2.0,0.7,0.1,1.0,1.4,5.7,grantje02,122.0,2022.0,0.398,13.1,0.686,0.304,0.124,0.116,0.141,0.314,0.451,0.538,0.382,0.408,0.36,0.281,0.317,0.015,9.0,0.796,0.182,0.429,2.0,0.0
234,jordaje01,65.0,0.0,7.6,1.0,2.0,0.528,0.0,0.0,0.0,1.0,2.0,0.528,0.528,0.7,0.8,0.852,1.0,1.0,2.0,0.3,0.1,0.3,0.4,1.1,2.8,jordaje01,65.0,491.0,0.528,3.9,1.0,0.764,0.087,0.047,0.102,0.0,0.528,0.598,0.273,0.333,0.308,0.0,0.701,0.26,29.0,0.0,0.0,0.0,0.0,0.0
235,bayleje01,513.0,82.0,21.3,3.0,7.2,0.414,0.8,2.2,0.366,2.2,5.0,0.436,0.471,1.8,2.2,0.825,0.3,1.8,2.1,2.9,0.6,0.1,1.5,2.1,8.6,bayleje01,513.0,10904.0,0.414,15.2,0.691,0.238,0.09,0.063,0.301,0.309,0.436,0.559,0.32,0.376,0.386,0.366,0.345,0.022,68.0,0.897,0.312,0.383,5.0,0.0
236,fredeji01,235.0,7.0,13.4,2.2,5.3,0.412,0.8,2.2,0.381,1.4,3.2,0.432,0.489,0.8,0.9,0.876,0.2,0.8,1.0,1.4,0.4,0.0,0.9,0.9,6.0,fredeji01,235.0,3148.0,0.412,16.2,0.596,0.13,0.196,0.119,0.151,0.404,0.432,0.62,0.362,0.423,0.37,0.381,0.347,0.0,0.0,0.617,0.134,0.471,1.0,0.0
237,butleji01,374.0,269.0,31.9,4.9,10.9,0.446,0.8,2.5,0.329,4.0,8.4,0.481,0.484,4.5,5.5,0.825,1.4,3.3,4.7,2.9,1.4,0.4,1.4,1.4,15.1,butleji01,374.0,11938.0,0.446,12.7,0.772,0.317,0.11,0.121,0.223,0.228,0.481,0.633,0.359,0.397,0.37,0.329,0.504,0.058,221.0,0.84,0.268,0.418,18.0,1.0
238,noahjo01,618.0,511.0,28.9,3.4,7.0,0.49,0.0,0.0,0.0,3.4,7.0,0.492,0.49,2.1,3.0,0.699,3.3,6.0,9.4,2.9,0.8,1.4,1.7,2.9,9.0,noahjo01,618.0,17863.0,0.49,4.6,0.997,0.646,0.187,0.039,0.123,0.003,0.492,0.569,0.332,0.391,0.37,0.0,0.604,0.129,508.0,0.0,0.067,0.0,4.0,0.0
239,meeksjo01,442.0,203.0,24.1,3.3,7.8,0.422,1.5,4.1,0.375,1.8,3.7,0.473,0.519,1.7,1.9,0.883,0.3,1.9,2.2,1.1,0.9,0.1,0.8,1.3,9.8,meeksjo01,442.0,10669.0,0.422,17.0,0.478,0.211,0.081,0.067,0.119,0.522,0.473,0.617,0.331,0.4,0.355,0.375,0.747,0.018,55.0,0.932,0.233,0.375,5.0,1.0
240,harrijo01,105.0,11.0,15.1,1.9,4.5,0.42,1.1,2.8,0.38,0.8,1.6,0.488,0.541,0.4,0.6,0.688,0.2,1.6,1.8,0.8,0.3,0.1,0.8,1.7,5.2,harrijo01,104.0,1565.0,0.422,17.7,0.368,0.223,0.065,0.024,0.058,0.632,0.494,0.544,0.433,0.455,0.37,0.38,0.726,0.006,3.0,0.937,0.322,0.404,0.0,0.0
241,inglejo01,218.0,49.0,19.2,1.9,4.3,0.434,1.1,2.7,0.392,0.8,1.6,0.506,0.558,0.4,0.5,0.771,0.2,2.0,2.3,1.9,0.9,0.1,1.0,1.5,5.1,inglejo01,217.0,4167.0,0.436,19.1,0.368,0.136,0.069,0.034,0.129,0.632,0.512,0.762,0.313,0.452,0.37,0.391,0.345,0.012,11.0,0.878,0.347,0.448,3.0,0.0
242,johnsjo02,1199.0,1081.0,35.4,6.3,14.3,0.442,1.6,4.3,0.373,4.7,10.1,0.472,0.498,2.3,2.8,0.801,0.9,3.1,4.0,4.1,0.9,0.2,2.0,1.8,16.5,johnsjo02,1199.0,42446.0,0.442,14.8,0.703,0.16,0.192,0.127,0.224,0.297,0.472,0.59,0.501,0.425,0.388,0.373,0.317,0.009,138.0,0.856,0.368,0.406,50.0,3.0
243,youngjo01,66.0,0.0,7.7,1.3,3.6,0.366,0.2,1.0,0.217,1.1,2.5,0.428,0.398,0.4,0.6,0.763,0.1,0.9,1.0,1.2,0.3,0.0,0.6,0.5,3.3,youngjo01,66.0,505.0,0.366,15.3,0.706,0.196,0.119,0.094,0.302,0.294,0.428,0.565,0.357,0.318,0.394,0.217,0.197,0.03,6.0,0.6,0.188,0.231,1.0,0.0
244,anthojo01,480.0,110.0,14.6,0.8,1.6,0.512,0.0,0.0,0.0,0.8,1.6,0.512,0.512,0.6,0.8,0.664,1.2,1.6,2.8,0.2,0.3,1.1,0.5,1.7,2.2,anthojo01,480.0,6990.0,0.512,4.0,1.0,0.553,0.339,0.094,0.014,0.0,0.512,0.633,0.373,0.375,0.0,0.0,0.651,0.172,109.0,0.0,0.0,0.0,0.0,0.0
245,freeljo01,151.0,9.0,12.1,1.4,3.0,0.459,0.0,0.0,0.0,1.4,3.0,0.461,0.459,0.4,0.5,0.728,1.3,2.2,3.4,0.4,0.2,0.4,0.5,1.7,3.2,freeljo01,151.0,1821.0,0.459,8.8,0.996,0.367,0.237,0.116,0.273,0.004,0.461,0.587,0.417,0.34,0.387,0.0,0.703,0.062,25.0,0.0,0.0,0.0,0.0,0.0
246,dorsejo01,130.0,26.0,11.4,1.1,2.0,0.534,0.0,0.0,0.0,1.1,2.0,0.536,0.534,0.5,1.2,0.375,1.5,2.4,3.9,0.4,0.5,0.3,0.7,2.0,2.6,dorsejo01,130.0,1488.0,0.534,2.0,0.996,0.816,0.173,0.004,0.004,0.004,0.536,0.585,0.326,0.0,0.0,0.0,0.669,0.222,50.0,0.0,0.0,0.0,1.0,0.0
247,lauvejo01,133.0,16.0,15.4,2.6,5.4,0.48,0.3,1.1,0.293,2.2,4.3,0.528,0.51,0.9,1.2,0.755,1.2,3.0,4.1,0.9,0.3,0.2,0.9,1.7,6.3,lauvejo01,133.0,2048.0,0.48,9.5,0.794,0.404,0.224,0.046,0.119,0.206,0.528,0.635,0.419,0.364,0.435,0.293,0.699,0.107,68.0,0.977,0.333,0.286,2.0,0.0
248,hensojo01,303.0,82.0,19.1,3.3,6.1,0.534,0.0,0.0,0.0,3.3,6.1,0.535,0.534,1.2,2.1,0.573,1.9,3.3,5.2,1.0,0.4,1.5,1.2,2.2,7.7,hensojo01,303.0,5801.0,0.534,4.6,0.997,0.507,0.373,0.06,0.055,0.003,0.535,0.655,0.454,0.286,0.252,0.0,0.699,0.125,213.0,0.0,0.167,0.0,1.0,0.0
249,jenkijo01,145.0,8.0,12.8,1.9,4.1,0.448,0.7,1.8,0.364,1.2,2.3,0.513,0.528,0.7,0.8,0.849,0.2,1.3,1.5,0.8,0.2,0.1,0.6,0.6,5.1,jenkijo01,145.0,1850.0,0.448,17.2,0.565,0.17,0.075,0.055,0.265,0.435,0.513,0.676,0.356,0.424,0.472,0.364,0.672,0.002,1.0,0.863,0.287,0.387,0.0,0.0
250,lucasjo02,242.0,8.0,12.1,1.9,4.9,0.383,0.7,2.0,0.344,1.2,2.9,0.409,0.452,0.3,0.4,0.768,0.2,0.7,1.0,1.5,0.4,0.0,0.5,0.8,4.7,lucasjo02,242.0,2927.0,0.383,17.3,0.6,0.1,0.141,0.123,0.235,0.4,0.409,0.563,0.389,0.39,0.366,0.344,0.206,0.0,0.0,0.755,0.249,0.407,1.0,0.0
251,salmojo01,895.0,429.0,26.4,3.4,7.8,0.431,0.8,2.2,0.366,2.5,5.6,0.457,0.483,1.7,2.2,0.799,0.5,2.4,2.9,2.4,0.8,0.3,1.3,1.9,9.3,salmojo01,895.0,23672.0,0.431,13.5,0.715,0.259,0.108,0.155,0.192,0.285,0.457,0.598,0.389,0.385,0.363,0.366,0.374,0.019,124.0,0.861,0.36,0.385,1.0,0.0
252,walljo01,475.0,463.0,36.1,6.8,15.6,0.432,0.8,2.6,0.319,5.9,13.0,0.455,0.459,4.2,5.3,0.792,0.6,3.9,4.5,9.1,1.7,0.6,3.8,2.3,18.6,walljo01,475.0,17135.0,0.432,12.5,0.833,0.318,0.102,0.112,0.3,0.167,0.455,0.616,0.323,0.362,0.364,0.319,0.194,0.032,233.0,0.668,0.146,0.293,23.0,0.0
253,obryajo01,107.0,19.0,11.9,1.3,3.2,0.398,0.0,0.0,0.75,1.3,3.2,0.394,0.403,0.4,0.7,0.606,0.9,1.4,2.3,0.5,0.2,0.1,0.6,1.4,3.0,obryajo01,107.0,1271.0,0.398,9.8,0.988,0.326,0.169,0.116,0.378,0.012,0.394,0.509,0.31,0.275,0.369,0.75,0.746,0.038,12.0,1.0,0.25,1.0,0.0,0.0
254,leuerjo01,305.0,66.0,16.0,2.7,5.5,0.487,0.4,1.1,0.353,2.3,4.5,0.519,0.521,0.8,1.1,0.766,1.0,3.0,3.9,0.9,0.4,0.3,0.7,1.5,6.6,leuerjo01,305.0,4883.0,0.487,12.0,0.807,0.282,0.158,0.169,0.198,0.193,0.519,0.726,0.393,0.465,0.369,0.353,0.696,0.072,111.0,0.991,0.184,0.25,1.0,0.0
255,jerebjo01,466.0,93.0,18.6,2.4,5.2,0.458,0.5,1.6,0.352,1.9,3.7,0.502,0.51,1.0,1.3,0.768,1.3,2.8,4.1,0.8,0.6,0.3,0.8,2.0,6.4,jerebjo01,466.0,8669.0,0.458,11.6,0.704,0.393,0.151,0.041,0.117,0.296,0.502,0.616,0.322,0.327,0.415,0.352,0.685,0.048,104.0,0.992,0.278,0.408,6.0,0.0
256,valanjo01,338.0,332.0,26.3,4.5,8.1,0.552,0.0,0.0,0.0,4.5,8.1,0.553,0.552,2.5,3.2,0.785,2.7,5.8,8.5,0.7,0.4,1.1,1.5,2.9,11.5,valanjo01,338.0,8898.0,0.552,5.2,0.999,0.475,0.345,0.102,0.078,0.001,0.553,0.654,0.494,0.416,0.376,0.0,0.584,0.119,297.0,0.0,0.0,0.0,0.0,0.0
257,simmojo02,107.0,4.0,16.4,2.3,4.8,0.467,0.3,1.0,0.336,1.9,3.8,0.502,0.503,1.3,1.8,0.75,0.3,1.7,2.0,1.3,0.6,0.2,1.0,1.9,6.2,simmojo02,107.0,1755.0,0.467,10.1,0.788,0.417,0.174,0.058,0.137,0.212,0.502,0.634,0.322,0.433,0.366,0.336,0.527,0.106,47.0,1.0,0.427,0.383,4.0,0.0
258,clarkjo01,196.0,120.0,28.6,5.4,12.2,0.442,1.1,3.4,0.336,4.3,8.9,0.482,0.488,1.9,2.4,0.807,1.0,2.5,3.4,2.6,1.1,0.1,1.7,2.0,13.9,clarkjo01,196.0,5615.0,0.442,12.7,0.725,0.264,0.194,0.107,0.16,0.275,0.482,0.597,0.426,0.42,0.401,0.336,0.28,0.028,59.0,0.769,0.179,0.288,3.0,0.0
259,farmajo01,504.0,40.0,19.5,2.9,6.8,0.423,1.2,3.1,0.374,1.7,3.8,0.463,0.507,0.8,1.0,0.739,0.3,1.6,1.9,2.9,0.8,0.1,1.4,1.4,7.7,farmajo01,504.0,9840.0,0.423,15.9,0.548,0.251,0.073,0.067,0.156,0.452,0.463,0.574,0.34,0.336,0.398,0.374,0.387,0.014,43.0,0.731,0.205,0.395,8.0,0.0
260,hamiljo02,151.0,21.0,13.9,2.3,5.6,0.408,0.9,2.5,0.357,1.4,3.0,0.451,0.489,0.5,0.7,0.67,0.6,2.3,2.8,0.8,0.5,0.2,0.7,1.0,5.9,hamiljo02,151.0,2100.0,0.408,15.5,0.542,0.205,0.176,0.079,0.082,0.458,0.451,0.616,0.358,0.333,0.348,0.357,0.478,0.029,23.0,0.883,0.224,0.384,1.0,0.0
261,hilljo01,407.0,120.0,18.9,3.3,6.7,0.497,0.0,0.1,0.136,3.3,6.7,0.499,0.497,1.3,1.8,0.699,2.2,3.7,5.9,0.8,0.4,0.7,1.0,2.1,7.9,hilljo01,407.0,7685.0,0.497,8.4,0.992,0.341,0.284,0.127,0.236,0.008,0.499,0.673,0.447,0.388,0.374,0.136,0.582,0.083,209.0,0.333,0.318,0.286,4.0,0.0
262,mcraejo01,59.0,5.0,9.8,1.6,3.9,0.404,0.5,1.2,0.384,1.1,2.6,0.413,0.465,0.8,1.1,0.774,0.2,0.8,1.0,0.7,0.2,0.1,0.5,0.8,4.4,mcraejo01,59.0,579.0,0.404,13.5,0.68,0.289,0.123,0.145,0.123,0.32,0.413,0.5,0.286,0.242,0.536,0.384,0.313,0.031,5.0,0.786,0.356,0.423,2.0,0.0
263,gutiejo01,47.0,3.0,10.3,1.1,2.3,0.5,0.1,0.4,0.176,1.1,1.9,0.562,0.514,0.6,0.8,0.778,0.2,1.0,1.1,1.5,0.4,0.0,0.7,1.4,2.9,gutiejo01,47.0,482.0,0.5,11.3,0.84,0.358,0.132,0.057,0.292,0.16,0.562,0.737,0.357,0.5,0.452,0.176,0.66,0.0,0.0,1.0,0.588,0.1,0.0,0.0
264,caldejo01,772.0,557.0,28.3,3.7,7.9,0.473,1.1,2.7,0.411,2.6,5.2,0.506,0.544,1.1,1.3,0.875,0.4,2.2,2.6,6.3,0.9,0.1,1.6,1.7,9.7,caldejo01,772.0,21850.0,0.473,17.0,0.658,0.192,0.026,0.074,0.366,0.342,0.506,0.652,0.368,0.412,0.458,0.411,0.228,0.0,3.0,0.855,0.152,0.441,9.0,1.0
265,mcrobjo01,431.0,179.0,19.2,2.1,4.6,0.464,0.5,1.3,0.341,1.7,3.2,0.514,0.513,0.7,1.0,0.705,1.1,2.8,3.9,2.1,0.5,0.5,0.9,1.9,5.4,mcrobjo01,431.0,8265.0,0.464,11.9,0.708,0.381,0.137,0.055,0.134,0.292,0.514,0.654,0.344,0.385,0.347,0.341,0.673,0.123,224.0,0.974,0.129,0.311,2.0,0.0
266,richajo01,80.0,22.0,24.8,3.1,7.3,0.421,1.2,3.2,0.378,1.8,4.0,0.455,0.505,0.8,1.2,0.691,0.4,2.1,2.5,1.9,0.8,0.5,1.0,2.3,8.2,richajo01,80.0,1982.0,0.421,16.5,0.555,0.174,0.091,0.107,0.184,0.445,0.455,0.574,0.377,0.419,0.402,0.378,0.381,0.04,20.0,0.929,0.274,0.535,0.0,0.0
267,smithjo03,891.0,772.0,32.5,5.7,12.6,0.453,0.5,1.8,0.285,5.2,10.8,0.48,0.473,2.7,4.2,0.632,1.9,5.5,7.5,3.1,1.2,1.9,2.5,2.8,14.6,smithjo03,891.0,28988.0,0.453,10.4,0.86,0.367,0.198,0.06,0.236,0.14,0.48,0.669,0.354,0.266,0.345,0.285,0.607,0.1,1069.0,0.953,0.229,0.307,13.0,0.0
268,holidjr01,480.0,407.0,32.2,5.6,12.8,0.441,1.1,3.0,0.369,4.5,9.8,0.463,0.485,1.9,2.4,0.789,0.8,2.7,3.6,6.2,1.5,0.4,2.7,2.3,14.3,holidjr01,480.0,15461.0,0.441,12.7,0.765,0.271,0.167,0.145,0.183,0.235,0.463,0.576,0.375,0.439,0.397,0.369,0.237,0.015,84.0,0.582,0.19,0.372,11.0,1.0
269,hernaju01,41.0,4.0,12.5,1.4,3.1,0.45,0.6,1.5,0.426,0.8,1.7,0.471,0.55,0.8,1.1,0.702,0.8,2.1,2.8,0.5,0.4,0.3,0.3,1.0,4.3,hernaju01,41.0,514.0,0.45,13.6,0.527,0.364,0.109,0.016,0.039,0.473,0.471,0.596,0.214,0.0,0.2,0.426,0.594,0.078,8.0,1.0,0.328,0.5,0.0,0.0
270,randlju01,132.0,109.0,28.1,4.6,10.3,0.451,0.1,0.5,0.267,4.5,9.8,0.459,0.457,2.5,3.5,0.712,2.0,7.3,9.3,2.4,0.7,0.4,2.1,3.1,11.9,randlju01,132.0,3712.0,0.451,6.7,0.956,0.463,0.281,0.078,0.133,0.044,0.459,0.592,0.354,0.34,0.289,0.267,0.466,0.073,94.0,0.75,0.083,0.0,0.0,0.0
271,anderju01,106.0,11.0,12.8,1.7,4.3,0.404,0.6,1.9,0.288,1.2,2.3,0.5,0.469,1.1,1.3,0.797,0.5,2.1,2.7,0.6,0.4,0.4,0.6,1.0,5.1,anderju01,106.0,1357.0,0.404,14.4,0.545,0.279,0.131,0.06,0.075,0.455,0.5,0.706,0.305,0.333,0.206,0.288,0.455,0.082,34.0,0.949,0.327,0.328,1.0,0.0
272,hamilju01,98.0,20.0,17.8,2.3,5.1,0.461,0.6,1.9,0.309,1.7,3.1,0.556,0.52,0.7,0.9,0.791,1.2,2.4,3.7,0.8,0.6,0.7,0.7,1.5,5.9,hamilju01,97.0,1723.0,0.46,13.0,0.616,0.311,0.176,0.063,0.063,0.384,0.555,0.671,0.488,0.419,0.323,0.309,0.719,0.051,23.0,0.983,0.34,0.266,0.0,0.0
273,holidju01,179.0,11.0,15.1,1.9,4.9,0.395,0.8,2.4,0.34,1.1,2.5,0.447,0.478,0.7,0.9,0.792,0.2,1.7,1.9,1.0,0.7,0.3,0.7,1.2,5.4,holidju01,179.0,2703.0,0.395,16.8,0.514,0.215,0.064,0.069,0.163,0.486,0.447,0.551,0.321,0.4,0.387,0.34,0.735,0.051,41.0,0.965,0.331,0.436,3.0,0.0
274,winslju01,96.0,23.0,29.8,2.9,7.2,0.4,0.4,1.6,0.258,2.5,5.6,0.439,0.428,1.1,1.7,0.665,1.1,4.1,5.2,1.9,1.0,0.3,1.3,2.5,7.3,winslju01,96.0,2857.0,0.4,10.6,0.781,0.371,0.202,0.047,0.164,0.219,0.439,0.541,0.381,0.25,0.336,0.258,0.53,0.044,26.0,0.974,0.702,0.274,2.0,0.0
275,nurkiju01,141.0,60.0,17.8,3.1,6.7,0.462,0.0,0.0,0.0,3.1,6.6,0.464,0.462,1.4,2.5,0.586,2.0,3.9,5.9,1.1,0.8,1.1,1.6,2.8,7.6,nurkiju01,141.0,2513.0,0.462,4.4,0.995,0.534,0.361,0.026,0.073,0.005,0.464,0.562,0.351,0.333,0.362,0.0,0.664,0.069,58.0,0.0,0.2,0.0,0.0,0.0
276,mcdankj01,128.0,16.0,14.1,1.8,4.5,0.404,0.5,1.6,0.292,1.4,2.9,0.465,0.456,1.0,1.4,0.769,0.7,1.4,2.1,0.7,0.4,0.7,1.0,1.4,5.1,mcdankj01,128.0,1799.0,0.404,12.0,0.648,0.378,0.138,0.061,0.071,0.352,0.465,0.581,0.342,0.229,0.293,0.292,0.543,0.12,59.0,0.949,0.223,0.311,0.0,0.0
277,townska01,139.0,139.0,33.9,8.2,15.5,0.53,0.7,2.0,0.339,7.5,13.5,0.559,0.552,3.4,4.2,0.82,3.1,8.0,11.0,2.4,0.7,1.6,2.4,3.0,20.5,townska01,139.0,4706.0,0.53,9.8,0.87,0.359,0.231,0.082,0.198,0.13,0.559,0.694,0.468,0.418,0.479,0.339,0.637,0.078,156.0,0.926,0.161,0.422,4.0,0.0
278,leonaka01,375.0,348.0,30.4,5.8,11.7,0.497,1.3,3.2,0.392,4.5,8.5,0.537,0.551,2.9,3.5,0.849,1.3,5.0,6.2,2.2,1.8,0.7,1.3,1.7,15.8,leonaka01,375.0,11390.0,0.497,13.2,0.725,0.247,0.15,0.159,0.169,0.275,0.537,0.694,0.461,0.474,0.433,0.392,0.462,0.074,295.0,0.892,0.349,0.441,0.0,0.0
279,olynyke01,253.0,35.0,20.9,3.6,7.6,0.475,1.0,2.5,0.374,2.7,5.1,0.525,0.537,1.4,1.8,0.739,1.4,3.3,4.7,1.7,0.7,0.5,1.3,2.9,9.6,olynyke01,253.0,5295.0,0.475,12.4,0.667,0.369,0.122,0.069,0.108,0.333,0.525,0.681,0.319,0.368,0.321,0.374,0.669,0.032,60.0,0.963,0.118,0.539,1.0,0.0
280,oubreke01,116.0,11.0,15.2,1.8,4.3,0.42,0.6,1.8,0.304,1.3,2.5,0.507,0.485,0.7,1.0,0.699,0.6,2.1,2.7,0.4,0.5,0.1,0.6,2.0,4.9,oubreke01,116.0,1766.0,0.42,13.5,0.574,0.341,0.118,0.05,0.066,0.426,0.507,0.62,0.305,0.4,0.364,0.304,0.541,0.108,47.0,1.0,0.402,0.221,2.0,0.0
281,walkeke02,420.0,375.0,33.8,6.3,15.4,0.41,1.7,4.9,0.345,4.6,10.5,0.44,0.464,3.7,4.5,0.825,0.6,3.3,3.9,5.4,1.4,0.4,2.1,1.6,18.0,walkeke02,420.0,14195.0,0.41,14.5,0.685,0.264,0.095,0.114,0.213,0.315,0.44,0.546,0.334,0.377,0.388,0.345,0.229,0.001,5.0,0.614,0.08,0.366,30.0,1.0
282,marshke01,160.0,57.0,19.3,2.0,4.9,0.399,0.8,2.2,0.37,1.2,2.8,0.422,0.48,0.3,0.5,0.611,0.1,1.4,1.6,4.9,0.7,0.1,1.8,1.1,5.0,marshke01,160.0,3083.0,0.399,16.6,0.561,0.213,0.1,0.071,0.177,0.439,0.422,0.565,0.278,0.482,0.307,0.37,0.257,0.0,0.0,0.867,0.098,0.294,1.0,0.0
283,perkike01,781.0,565.0,22.0,2.2,4.1,0.53,0.0,0.0,0.0,2.2,4.1,0.532,0.53,1.0,1.7,0.594,1.7,4.1,5.8,1.0,0.3,1.2,1.6,2.7,5.4,perkike01,781.0,17147.0,0.53,4.5,0.996,0.525,0.354,0.077,0.039,0.004,0.532,0.652,0.424,0.31,0.331,0.0,0.623,0.113,332.0,0.0,0.0,0.0,7.0,0.0
284,farieke01,396.0,359.0,26.0,4.8,8.8,0.545,0.0,0.0,0.111,4.8,8.8,0.547,0.545,2.3,3.6,0.652,3.2,5.4,8.6,1.1,0.8,0.9,1.4,2.6,12.0,farieke01,396.0,10305.0,0.545,4.1,0.995,0.602,0.29,0.061,0.042,0.005,0.547,0.656,0.404,0.333,0.288,0.111,0.661,0.178,574.0,0.5,0.167,0.667,6.0,0.0
285,bazemke01,332.0,144.0,18.3,2.6,6.2,0.421,0.8,2.4,0.346,1.8,3.8,0.469,0.488,1.1,1.6,0.691,0.3,2.5,2.7,1.5,0.8,0.4,1.2,1.7,7.1,bazemke01,332.0,6067.0,0.421,13.9,0.614,0.315,0.109,0.051,0.139,0.386,0.469,0.594,0.289,0.308,0.385,0.346,0.498,0.034,55.0,0.858,0.348,0.412,7.0,0.0
286,caldwke01,291.0,252.0,30.1,4.3,10.5,0.408,1.5,4.5,0.338,2.8,6.0,0.46,0.48,1.5,2.0,0.782,0.7,2.3,3.0,1.6,1.2,0.2,1.0,1.9,11.6,caldwke01,291.0,8761.0,0.408,16.0,0.574,0.217,0.097,0.092,0.168,0.426,0.46,0.618,0.295,0.425,0.37,0.338,0.543,0.033,87.0,0.848,0.252,0.405,17.0,0.0
287,martike01,757.0,667.0,30.6,5.1,10.6,0.483,0.1,0.4,0.234,5.0,10.2,0.492,0.487,2.0,3.2,0.629,1.7,5.1,6.8,1.9,1.2,1.1,1.7,3.3,12.3,martike01,757.0,23134.0,0.483,8.4,0.965,0.391,0.218,0.137,0.219,0.035,0.492,0.68,0.401,0.337,0.342,0.234,0.684,0.173,1278.0,0.894,0.234,0.333,11.0,0.0
288,duranke01,698.0,698.0,37.5,9.2,18.9,0.488,1.8,4.7,0.38,7.4,14.2,0.523,0.535,7.0,8.0,0.882,0.8,6.4,7.2,3.8,1.2,1.1,3.2,1.9,27.3,duranke01,698.0,26153.0,0.488,13.8,0.75,0.227,0.125,0.18,0.219,0.25,0.523,0.73,0.431,0.445,0.427,0.38,0.494,0.084,1069.0,0.753,0.063,0.402,6.0,0.0
289,garneke01,1462.0,1425.0,34.5,7.2,14.5,0.497,0.1,0.4,0.275,7.1,14.0,0.504,0.501,3.3,4.2,0.789,2.2,7.8,10.0,3.7,1.3,1.4,2.2,2.4,17.8,garneke01,1095.0,36885.0,0.5,11.3,0.97,0.228,0.197,0.215,0.33,0.03,0.507,0.685,0.442,0.46,0.454,0.261,0.676,0.065,951.0,0.797,0.055,0.192,22.0,0.0
290,loveke01,562.0,480.0,32.7,6.1,13.8,0.443,1.5,4.2,0.365,4.6,9.6,0.477,0.499,4.7,5.7,0.82,3.1,8.4,11.5,2.4,0.7,0.5,2.0,2.1,18.5,loveke01,562.0,18355.0,0.443,12.7,0.696,0.3,0.183,0.088,0.125,0.304,0.477,0.592,0.398,0.353,0.402,0.365,0.562,0.03,212.0,0.943,0.206,0.394,22.0,0.0
291,martike02,714.0,504.0,30.2,5.4,12.3,0.437,1.6,4.2,0.384,3.8,8.2,0.464,0.502,5.0,5.7,0.87,0.6,2.6,3.2,1.9,0.9,0.1,1.7,1.9,17.4,martike02,714.0,21559.0,0.437,15.2,0.662,0.204,0.11,0.122,0.225,0.338,0.464,0.629,0.393,0.399,0.387,0.384,0.508,0.037,314.0,0.87,0.224,0.452,1.0,0.0
292,serapke01,408.0,34.0,15.4,2.7,5.5,0.488,0.0,0.0,0.0,2.7,5.5,0.489,0.488,0.6,0.8,0.713,1.2,2.3,3.5,0.6,0.2,0.7,1.1,2.2,6.0,serapke01,408.0,6287.0,0.488,8.1,0.997,0.252,0.393,0.23,0.122,0.003,0.489,0.654,0.462,0.389,0.422,0.0,0.61,0.07,147.0,0.0,0.0,0.0,2.0,0.0
293,looneke01,48.0,3.0,8.8,1.1,2.0,0.573,0.1,0.2,0.3,1.1,1.8,0.605,0.589,0.4,0.7,0.656,0.8,1.7,2.5,0.5,0.3,0.3,0.3,1.3,2.8,looneke01,48.0,422.0,0.573,5.8,0.896,0.677,0.115,0.042,0.063,0.104,0.605,0.754,0.182,0.25,0.0,0.3,0.808,0.281,26.0,1.0,0.0,0.0,0.0,0.0
