,labels,x,y,Player,Status
0,2,-2.97968638901,0.656455819413,A.J. Price,Inactive
1,2,-2.98904227782,0.934878595725,Aaron Brooks,Active
2,4,0.616933273536,-0.491444404972,Aaron Gordon,Active
3,5,-0.289793122022,-2.59520583545,Aaron Harrison,Active
4,1,1.13181721528,0.271484727821,Adreian Payne,Active
5,7,2.20360850666,0.389355345924,Al Horford,Active
6,7,2.58937371786,0.654540374959,Al Jefferson,Active
7,4,1.00951551142,-0.75837243077,Al-Farouq Aminu,Active
8,0,-1.05400016144,-1.24861909695,Alan Anderson,Active
9,3,4.45082387082,2.52845701566,Alan Williams,Active
10,0,-1.19082263127,-0.250608325267,Alec Burks,Active
11,0,-0.992062194072,-1.31451558463,Alex Abrines,Active
12,7,2.79184181395,0.298088462219,Alex Len,Active
13,2,-2.28582761779,0.416296303032,Alexey Shved,Inactive
14,7,2.84333967742,0.618991498804,Alexis Ajinca,Active
15,5,-0.126329826149,-1.60538718679,Allen Crabbe,Active
16,5,-0.48781393567,-1.16595730794,Alonzo Gee,Active
17,1,2.13393978345,0.133429685989,Amar'e Stoudemire,Inactive
18,7,2.58113828265,0.510338502855,Amir Johnson,Active
19,7,2.90636590485,0.490508179452,Anderson Varejao,Active
20,3,3.85478242358,0.884466839233,Andre Drummond,Active
21,0,-1.05148550275,-0.341778945945,Andre Iguodala,Active
22,9,-2.5468503321,2.16901483588,Andre Miller,Inactive
23,4,0.555364566792,-1.60066494086,Andre Roberson,Active
24,1,1.15607966602,-0.385476581263,Andrea Bargnani,Inactive
25,1,0.987280691596,0.0140054068184,Andrei Kirilenko,Inactive
26,3,2.92115096695,1.38862985933,Andrew Bogut,Active
27,2,-2.22468550397,0.868251358317,Andrew Goudelock,Inactive
28,2,-3.06558244839,0.231452018321,Andrew Harrison,Active
29,1,1.22087627855,-0.467953011633,Andrew Nicholson,Active
30,0,-0.486122526311,-0.361151864585,Andrew Wiggins,Active
31,1,1.14882061393,-0.586002325701,Anthony Bennett,Active
32,5,-0.578218541571,-1.19884922909,Anthony Brown,Active
33,7,2.89123341786,-0.0557232764814,Anthony Davis,Active
34,0,-0.701991695705,-1.05729891183,Anthony Morrow,Active
35,4,0.771926170619,-1.43217601569,Anthony Tolliver,Active
36,6,-1.12868686731,0.0171878860419,Archie Goodwin,Active
37,3,3.14304337076,0.634282402381,Aron Baynes,Active
38,0,-0.731471704905,-0.918365430619,Arron Afflalo,Active
39,4,0.391238967778,-0.747438387968,Austin Daye,Inactive
40,6,-2.07768126108,-0.146365012023,Austin Rivers,Active
41,0,-0.854167560939,-1.22573468943,Avery Bradley,Active
42,5,-0.428976362156,-2.41675142323,Axel Toupane,Inactive
43,6,-1.74854474202,-0.0410459692748,Ben Gordon,Inactive
44,5,-0.580171056446,-1.43528948393,Ben McLemore,Active
45,2,-2.39833789926,0.884228674584,Beno Udrih,Active
46,7,2.77329885981,0.630811381647,Bernard James,Inactive
47,3,3.33735555502,1.06764846293,Bismack Biyombo,Active
48,1,1.57874364414,0.415812419894,Blake Griffin,Active
49,3,4.61408763174,1.69667182791,Boban Marjanovic,Active
50,2,-3.14809364891,1.12250454974,Bobby Brown,Active
51,1,2.00825866269,0.188276197195,Bobby Portis,Active
52,5,-0.418417888951,-1.24013131708,Bojan Bogdanovic,Active
53,8,0.0817334397532,0.828998476515,Boris Diaw,Active
54,0,-1.09820071108,-0.636164312379,Bradley Beal,Active
55,7,2.61625842666,0.678241161331,Brandan Wright,Active
56,1,1.57729789785,-0.193540933907,Brandon Bass,Active
57,8,0.779056537688,0.435979161751,Brandon Davies,Inactive
58,0,-0.80992134175,-0.548715093091,Brandon Ingram,Active
59,2,-3.16562924122,0.999859522399,Brandon Jennings,Active
60,2,-2.31605302399,0.591834984685,Brandon Knight,Active
61,5,-0.365542603388,-1.08681530539,Brandon Rush,Active
62,7,2.62384233584,1.17787168659,Brendan Haywood,Inactive
63,2,-2.65176998554,1.02417777525,Brian Roberts,Active
64,7,2.28163351409,0.534947547202,Brook Lopez,Active
65,5,-0.0614929152077,-1.43908095481,Bruno Caboclo,Active
66,2,-2.11204677901,0.526149035726,Bryce Cotton,Inactive
67,0,-0.803887935596,-0.729332604303,Buddy Hield,Active
68,6,-2.0907680916,0.165889841254,C.J. McCollum,Active
69,5,-0.505689251104,-1.23561586274,C.J. Miles,Active
70,6,-2.37473334082,-0.0788190506817,C.J. Watson,Active
71,0,-1.3877166016,-1.06790155403,C.J. Wilcox,Active
72,8,0.590597284163,-0.18721598743,Cameron Bairstow,Inactive
73,2,-2.93943676117,0.827547214748,Cameron Payne,Active
74,6,-1.80573356389,-0.526721224941,Caris LeVert,Active
75,1,1.84830326237,-0.0565259025802,Carl Landry,Inactive
76,7,2.52258087352,0.48454735151,Carlos Boozer,Inactive
77,8,-0.0888283075504,-0.0210011247026,Carmelo Anthony,Active
78,0,-0.447544410624,-0.565282572005,Caron Butler,Inactive
79,5,-0.272380339198,-1.50912623926,Cartier Martin,Inactive
80,0,-0.42118398821,-0.728138469714,Chandler Parsons,Active
81,1,1.25341863172,-0.69220483099,Channing Frye,Active
82,1,1.32482882511,-0.483842486838,Charlie Villanueva,Inactive
83,5,0.119823080012,-1.27447438827,Chase Budinger,Inactive
84,7,3.00355747951,0.336297982895,Chris Andersen,Active
85,1,1.7670735451,-0.138145493669,Chris Bosh,Inactive
86,5,-0.444851209712,-0.82225235778,Chris Copeland,Inactive
87,0,-0.930118233702,-0.930408383814,Chris Douglas-Roberts,Inactive
88,5,-0.45753214351,-1.79722931685,Chris Johnson,Inactive
89,3,2.93323720042,1.12784809581,Chris Kaman,Inactive
90,4,0.665245033268,-0.74680724962,Chris McCullough,Active
91,9,-4.19717420349,2.45087735661,Chris Paul,Active
92,7,1.72126132121,0.785000685066,Chuck Hayes,Inactive
93,5,-0.422538667581,-0.836276496613,Cleanthony Early,Inactive
94,3,3.25685076131,1.02368753146,Clint Capela,Active
95,1,2.09082442512,-0.0152692289772,Cody Zeller,Active
96,3,3.26912405675,1.49219854243,Cole Aldrich,Active
97,5,-0.765760521546,-1.40793110064,Corey Brewer,Active
98,1,1.97760269275,0.274228229129,Cory Jefferson,Inactive
99,6,-1.73499808873,0.265767425294,Cory Joseph,Active
100,0,-1.02516574646,-1.22155958168,Courtney Lee,Active
101,7,2.35198700479,1.11371493492,Cristiano Felicio,Active
102,2,-3.34119954817,0.99067981698,D.J. Augustin,Active
103,2,-2.37737423501,0.592851387997,D'Angelo Russell,Active
104,0,-0.935045199194,-0.973840681191,Dahntay Jones,Inactive
105,2,-2.60020965555,0.792365080518,Damian Lillard,Active
106,5,-0.823035244866,-1.38786938799,Damjan Rudez,Active
107,5,-0.39512812269,-1.10490689561,Danilo Gallinari,Active
108,4,-0.0783634499842,-0.684117022006,Danny Granger,Inactive
109,5,-0.0934645182688,-1.53401068888,Danny Green,Active
110,4,1.24954444814,-1.1769583742,Dante Cunningham,Active
111,6,-2.02717215788,-0.362733620368,Dante Exum,Active
112,8,0.789948698199,-0.229922752707,Dario Saric,Active
113,0,-0.695266065198,-0.966702330605,Darius Miller,Inactive
114,2,-2.60650455881,0.51389247682,Darius Morris,Inactive
115,1,1.52746836038,-0.231445888731,Darrell Arthur,Active
116,2,-2.75598806549,0.854776297342,Darren Collison,Active
117,0,-1.5983604958,-0.896985832743,Darrun Hilliard,Active
118,7,2.47513734478,0.792280457285,David Lee,Active
119,1,1.57266343619,0.405849691279,David West,Active
120,4,0.523163880254,-1.43618761197,Davis Bertans,Active
121,3,3.75765089946,0.918158903476,DeAndre Jordan,Active
122,5,-0.591497640907,-1.32711446124,DeAndre Liggins,Active
123,8,0.0723129776729,0.275344865637,DeAndre' Bembry,Active
124,6,-1.00075961638,0.768829692271,Dejounte Murray,Active
125,7,2.73633651065,0.936518333724,DeJuan Blair,Inactive
126,2,-2.05188829853,0.833309898453,Delon Wright,Active
127,0,-0.926853366606,-0.533731203366,DeMar DeRozan,Active
128,7,2.21128092759,0.802154863587,DeMarcus Cousins,Active
129,4,0.390405500717,-1.34767382862,DeMarre Carroll,Active
130,9,-3.11350525507,1.78875961274,Dennis Schroder,Active
131,0,-1.67635048418,-1.27318458943,Denzel Valentine,Active
132,9,-3.3148946953,2.1015371409,Deron Williams,Active
133,7,2.66532992886,0.283570471639,Derrick Favors,Active
134,2,-2.35329019545,1.62731827594,Derrick Rose,Active
135,4,0.738530708639,-1.16401038601,Derrick Williams,Active
136,6,-1.63241708503,-0.121072674054,Devin Booker,Active
137,2,-2.87182932937,0.792741178836,Devin Harris,Active
138,0,-1.19640222901,-1.33468150158,Devyn Marble,Inactive
139,3,3.48699690499,1.35210338019,Dewayne Dedmon,Active
140,3,3.22083546028,1.20660514409,Deyonta Davis,Active
141,6,-2.0982665498,-0.283075831792,Dion Waiters,Active
142,1,1.04084174383,-0.515389457731,Dirk Nowitzki,Active
143,4,0.431899093448,-0.565123683838,Domantas Sabonis,Active
144,2,-2.70850688387,1.27495659901,Donald Sloan,Inactive
145,1,1.2698011411,-0.184537843089,Donatas Motiejunas,Active
146,5,-0.0591598868312,-1.12898078162,Dorell Wright,Inactive
147,5,0.0401481243376,-1.76194602416,Dorian Finney-Smith,Active
148,4,0.215640458675,-1.29433767898,Doug McDermott,Active
149,4,0.477921933308,-1.10105541022,Dragan Bender,Active
150,8,0.744366787111,0.0611887465115,Draymond Green,Active
151,7,2.21763606138,0.361082053613,Drew Gooden,Inactive
152,3,3.75647908044,0.58873265344,Dwight Howard,Active
153,1,2.15029738669,-0.773520349656,Dwight Powell,Active
154,2,-1.80058842005,1.11722087706,Dwyane Wade,Active
155,6,-1.52375703955,-0.154195584893,E'Twaun Moore,Active
156,7,1.93093343317,0.418831591287,Earl Barron,Inactive
157,1,1.37780755351,-0.499163071274,Earl Clark,Inactive
158,3,2.97763152299,1.11072153707,Ed Davis,Active
159,7,1.60859129405,1.14389881452,Ekpe Udoh,Inactive
160,9,-2.80685889869,1.82258375707,Elfrid Payton,Active
161,0,-1.12238288861,-0.920816455157,Elijah Millsap,Inactive
162,0,-1.02096362244,-0.674713627301,Elliot Williams,Inactive
163,7,2.46094660428,0.704579871195,Elton Brand,Inactive
164,2,-2.37647940685,1.08979013555,Emmanuel Mudiay,Active
165,7,2.46949924857,0.265155370339,Enes Kanter,Active
166,2,-2.35142788239,1.04489059053,Eric Bledsoe,Active
167,6,-1.72126964813,-0.342863530785,Eric Gordon,Active
168,6,-1.80327150312,-0.408240798117,Erick Green,Inactive
169,1,1.66388996993,-0.552170856779,Ersan Ilyasova,Active
170,0,-1.32050527019,-0.695215689499,Evan Fournier,Active
171,6,-1.1929263391,0.326728030641,Evan Turner,Active
172,3,3.29267210893,1.32547153391,Festus Ezeli,Inactive
173,0,-0.63427664186,-1.00122067484,Francisco Garcia,Inactive
174,4,0.536197493443,-0.591707746802,Frank Kaminsky,Active
175,6,-2.4630027583,-0.492745381264,Fred VanVleet,Active
176,7,1.84452232651,1.60490665167,Furkan Aldemir,Inactive
177,9,-3.14646888167,1.85105439918,Gal Mekel,Inactive
178,0,-1.38288942911,-0.887675891071,Garrett Temple,Active
179,0,-0.895760421668,-1.1849828542,Gary Harris,Active
180,0,-1.21791909431,-0.376743286651,Gary Neal,Active
181,6,-1.73580303399,-0.33483809655,George Hill,Active
182,5,-0.39949637763,-1.05749539314,Georges Niang,Active
183,0,-0.637347139315,-0.914505004412,Gerald Green,Active
184,0,-0.615992765731,-0.53298545911,Gerald Henderson,Active
185,4,0.195484300799,-0.907265913422,Gerald Wallace,Inactive
186,8,0.385254240109,0.446869924562,Giannis Antetokounmpo,Active
187,1,1.48995910745,-0.143762787975,Glen Davis,Inactive
188,4,0.107444169121,-1.07041262132,Glenn Robinson,Active
189,2,-2.60972591507,0.998150536466,Goran Dragic,Active
190,0,-1.03313922518,-0.174445234518,Gordon Hayward,Active
191,1,2.23049742476,0.0780376676152,Gorgui Dieng,Active
192,7,1.7809102489,0.981677347404,Greg Monroe,Active
193,7,2.75440658799,0.81409693922,Greg Smith,Inactive
194,7,2.50015843832,0.740040326744,Greg Stiemsma,Inactive
195,9,-2.87988882989,1.96053415764,Greivis Vasquez,Active
196,4,0.130473390298,-1.10257623741,Harrison Barnes,Active
197,3,4.85789255927,1.61689509402,Hassan Whiteside,Active
198,6,-1.14402203368,-0.119405083984,Hedo Turkoglu,Inactive
199,7,2.0030541783,0.767080063578,Henry Sims,Inactive
200,5,-0.165334967136,-1.35330228384,Henry Walker,Inactive
201,5,-0.288024914451,-1.14004211607,Hollis Thompson,Active
202,0,-0.927606767424,-0.545551978922,Ian Clark,Active
203,7,2.38498371682,0.56953753889,Ian Mahinmi,Active
204,0,-1.44769893086,-0.855858287408,Iman Shumpert,Active
205,6,-2.2121858013,-0.636908261082,Isaiah Canaan,Active
206,2,-2.80835517826,0.768270310093,Isaiah Thomas,Active
207,2,-2.04044204246,1.04189914775,Isaiah Whitehead,Active
208,9,-3.10314789136,2.01539228007,Ish Smith,Active
209,3,3.23169731195,1.80782048977,Ivica Zubac,Active
210,9,-3.04463340512,1.52182209356,J.J. Barea,Active
211,7,2.48386877276,0.580299037415,J.J. Hickson,Inactive
212,0,-0.746997953834,-1.09151305116,J.J. Redick,Active
213,0,-1.47438576018,-0.745606604966,J.R. Smith,Active
214,4,0.423600446568,-0.497022254071,Jabari Parker,Active
215,5,0.087062293049,-1.61888121042,Jae Crowder,Active
216,7,1.50073428554,0.775867852636,Jahlil Okafor,Active
217,8,-0.168392143178,-0.474775718394,JaKarr Sampson,Inactive
218,5,-0.895566767067,-1.98668361235,Jake Layman,Active
219,7,2.18200546514,0.896182070481,Jakob Poeltl,Active
220,8,-0.104808323987,-0.46474064732,Jamaal Franklin,Inactive
221,6,-2.48477248464,0.0642448404586,Jamal Crawford,Active
222,0,-0.98285135479,-0.463468796019,Jamal Murray,Active
223,2,-3.08160716247,1.33708017209,Jameer Nelson,Active
224,5,-0.452463091531,-0.992976927085,James Anderson,Inactive
225,4,0.202589521291,-1.07633023402,James Ennis,Active
226,6,-2.17215487825,0.425020707139,James Harden,Active
227,8,-0.0322509975582,0.114188880759,James Johnson,Active
228,5,-0.119901594155,-1.74201534493,James Jones,Active
229,7,2.13232489027,0.352753648034,James Michael McAdoo,Active
230,5,0.301897768128,-2.01293041074,James Young,Active
231,1,1.60926011373,-0.369657527155,JaMychal Green,Active
232,2,-2.53455328121,0.588037304685,Jannero Pargo,Inactive
233,0,-1.21325913691,-1.61321123419,Jared Cunningham,Inactive
234,4,0.123828086727,-1.02599681192,Jared Dudley,Active
235,7,2.1850479209,0.534969077989,Jared Sullinger,Active
236,5,-0.329535633429,-1.08620511695,Jarell Eddie,Inactive
237,1,1.37787655044,-0.459288113162,Jarell Martin,Active
238,7,1.8163293209,0.721524987753,Jarnell Stokes,Active
239,2,-2.6406492044,1.07059166299,Jarrett Jack,Inactive
240,7,2.21949219311,0.799822323835,Jason Maxiell,Inactive
241,0,-0.565159170112,-0.841885021046,Jason Richardson,Inactive
242,1,1.67862649042,-0.200933995962,Jason Smith,Active
243,6,-2.42215719951,0.148296054039,Jason Terry,Active
244,7,2.46034960922,0.625266707919,Jason Thompson,Inactive
245,3,3.46548316938,1.10391952428,JaVale McGee,Active
246,4,0.274366495189,-1.02865575805,Jaylen Brown,Active
247,7,2.48050653419,1.21089626843,Jeff Adrien,Inactive
248,7,2.6159621081,0.196499551392,Jeff Ayres,Inactive
249,4,-0.0310453513051,-0.891330052433,Jeff Green,Active
250,9,-3.34343372429,1.6751958179,Jeff Teague,Active
251,3,2.93596769362,0.993638020566,Jeff Withey,Active
252,5,-0.624780290764,-1.45277679579,Jeffery Taylor,Inactive
253,4,0.442847571174,-0.896971843179,Jerami Grant,Active
254,1,2.09156174833,0.0286183577104,Jeremy Evans,Inactive
255,5,-0.233127611889,-0.699393505828,Jeremy Lamb,Active
256,2,-2.53716721873,0.948253597878,Jeremy Lin,Active
257,6,-2.31318369365,0.285085940576,Jerian Grant,Active
258,7,2.61482352855,1.34197458304,Jerome Jordan,Inactive
259,2,-2.32697116654,0.364855029765,Jerryd Bayless,Active
260,6,-2.29601281764,0.20310594958,Jimmer Fredette,Inactive
261,0,-0.614336344656,-0.703543852998,Jimmy Butler,Active
262,7,2.35274096227,1.68593023673,Joakim Noah,Active
263,5,-0.537371046867,-1.82041692013,Jodie Meeks,Active
264,5,-0.432388413243,-1.24575599385,Joe Harris,Active
265,6,-1.95557885251,-0.889349614397,Joe Ingles,Active
266,6,-1.71074774221,0.146470497373,Joe Johnson,Active
267,2,-2.899494495,0.85680432685,Joe Young,Active
268,7,2.25181770881,1.00089895202,Joel Anthony,Active
269,7,2.80452889416,0.951035524318,Joel Embiid,Active
270,7,2.57639246221,1.09840761342,Joel Freeland,Inactive
271,7,2.64303833485,0.993230058627,Joey Dorsey,Inactive
272,1,1.87442166117,0.0588608433339,Joffrey Lauvergne,Active
273,3,2.8477711597,1.36574391271,John Henson,Active
274,5,-0.367490040657,-0.865839326171,John Jenkins,Active
275,2,-2.97125548006,0.386882402069,John Lucas III,Active
276,6,-1.59408773809,-0.361970102588,John Salmons,Inactive
277,9,-3.48458800867,2.15805300519,John Wall,Active
278,1,1.19752226288,-0.224312526339,Johnny O'Bryant,Active
279,1,1.7909911651,-0.393736152617,Jon Leuer,Active
280,1,1.32906521935,-0.630673061257,Jonas Jerebko,Active
281,3,3.31477332782,1.3067382817,Jonas Valanciunas,Active
282,0,-0.670273191561,-0.826995338437,Jonathon Simmons,Active
283,0,-1.12593469666,-1.01730123256,Jordan Adams,Inactive
284,6,-1.68858800754,0.183091409925,Jordan Clarkson,Active
285,2,-2.53968564421,0.460001050957,Jordan Farmar,Active
286,4,0.105170595382,-0.758695681083,Jordan Hamilton,Inactive
287,7,2.47577978374,0.808641639657,Jordan Hill,Active
288,6,-1.69262178646,-0.229192112923,Jordan McRae,Active
289,1,1.5275383446,0.217761202671,Jordan Mickey,Active
290,6,-1.4445551784,0.429279997857,Jorge Gutierrez,Inactive
291,9,-3.60728640663,1.96074507081,Jose Calderon,Active
292,8,0.6647635164,0.369785080132,Josh McRoberts,Active
293,0,-1.40958373061,-0.704936690227,Josh Richardson,Active
294,1,1.2678420734,0.247498626941,Josh Smith,Inactive
295,9,-2.97290487393,1.50209963257,Jrue Holiday,Active
296,4,0.703474210763,-1.13419152969,Juan Hernangomez,Active
297,7,1.61551195754,0.850169371237,Julius Randle,Active
298,4,0.351422399528,-1.23511963445,Justin Anderson,Active
299,1,1.44430903882,-0.53227355907,Justin Hamilton,Active
300,5,-0.589638300318,-1.27656841431,Justin Holiday,Active
301,5,-0.184107281577,-1.06784743683,Justise Winslow,Active
302,7,2.74404235917,1.21107718699,Jusuf Nurkic,Active
303,8,0.1570799026,-0.281786718561,K.J. McDaniels,Active
304,3,3.17787041861,0.634945430221,Karl-Anthony Towns,Active
305,4,0.223438973131,-1.13886606522,Kawhi Leonard,Active
306,2,-2.84522308982,0.624680716359,Kay Felder,Active
307,1,1.10361724528,-0.321388568895,Kelly Olynyk,Active
308,5,0.105896588178,-1.38772980873,Kelly Oubre,Active
309,2,-2.73391160916,0.794262391303,Kemba Walker,Active
310,9,-4.19635839423,2.59025875964,Kendall Marshall,Inactive
311,7,2.71661981161,1.43565341123,Kendrick Perkins,Inactive
312,7,2.94825870502,0.496679577456,Kenneth Faried,Active
313,0,-0.896183943996,-0.89287696872,Kent Bazemore,Active
314,5,-0.914914589744,-1.55238455289,Kentavious Caldwell-Pope,Active
315,1,1.47713445984,-0.193319184144,Kenyon Martin,Inactive
316,8,0.176833804957,-0.334255175853,Kevin Durant,Active
317,7,2.20500656953,0.747730288071,Kevin Garnett,Inactive
318,7,2.49688054814,-0.0886077403399,Kevin Love,Active
319,0,-0.864808191858,-1.10856073309,Kevin Martin,Inactive
320,7,2.17997570046,1.40760183237,Kevin Seraphin,Active
321,7,2.66894085392,0.274423840868,Kevon Looney,Active
322,7,2.66894085392,0.274423840868,Kevon Looney,Inactive
323,7,2.66894085392,0.274423840868,Kevon Looney,Active
324,7,2.66894085392,0.274423840868,Kevon Looney,Inactive
325,0,-1.05457265567,-0.591261551652,Khris Middleton,Active
326,2,-2.60805117229,0.701805800644,Kirk Hinrich,Inactive
327,5,-0.443158248819,-1.28118344337,Klay Thompson,Active
328,6,-1.38369988813,0.311801922131,Kobe Bryant,Inactive
329,3,3.13337877701,0.880912449045,Kosta Koufos,Active
330,0,-0.738425506799,-0.456490446964,Kostas Papanikolaou,Inactive
331,2,-2.45936620005,1.02094532292,Kris Dunn,Active
332,7,2.82860996,0.331472894645,Kris Humphries,Active
333,1,1.88591704723,-0.260526832626,Kristaps Porzingis,Active
334,5,-0.324847968531,-0.910803690651,Kyle Anderson,Active
335,5,-0.0304562021809,-1.30350500447,Kyle Korver,Active
336,2,-2.58854649444,0.922672174874,Kyle Lowry,Active
337,7,2.67286014859,1.17494307821,Kyle O'Quinn,Active
338,5,0.089863416607,-1.40975500203,Kyle Singler,Active
339,2,-2.80070239532,0.97854870159,Kyrie Irving,Active
340,0,-0.917598780208,-0.905961992922,Lamar Patterson,Active
341,1,1.7922188673,-0.107376791605,LaMarcus Aldridge,Active
342,6,-1.13605518011,0.292650059676,Lance Stephenson,Active
343,4,0.0792890250815,-0.81103812902,Lance Thomas,Active
344,4,0.256447371097,-0.687816617793,Landry Fields,Inactive
345,0,-1.41204954788,-0.539574253399,Langston Galloway,Active
346,1,1.64158500203,-0.0272531908683,Larry Nance Jr.,Active
347,7,2.79953904329,1.05266264213,Larry Sanders,Inactive
348,7,2.69027473741,0.92832574928,Lavoy Allen,Active
349,6,-1.63212169855,-0.691153296204,Leandro Barbosa,Active
350,6,-1.34860916409,0.778342046044,LeBron James,Active
351,6,-1.6254249104,-0.119290123921,Lester Hudson,Inactive
352,2,-2.55938072479,1.42038755957,Lorenzo Brown,Inactive
353,7,2.67962809608,1.27710375544,Lou Amundson,Inactive
354,6,-2.45477624887,-0.0563749794442,Lou Williams,Active
355,4,0.816404583777,-0.971848976126,Luc Mbah a Moute,Active
356,7,2.5457371781,0.0702396974247,Lucas Nogueira,Active
357,4,0.333318142997,-0.703558939984,Luigi Datome,Inactive
358,1,1.7267725017,-0.146764795169,Luis Scola,Active
359,5,-0.287056362175,-0.88624861763,Luke Babbitt,Active
360,2,-3.04416678982,1.32866408947,Luke Ridnour,Inactive
361,4,0.522269701397,-0.835046316091,Luol Deng,Active
362,5,-0.565603850602,-1.17520918614,Malachi Richardson,Active
363,2,-2.44362163942,0.629794451833,Malcolm Brogdon,Active
364,2,-2.88622201476,1.14753069683,Malcolm Delaney,Active
365,0,-1.11944955742,-0.237501513799,Malcolm Lee,Inactive
366,7,2.01889624602,0.508016431551,Malcolm Thomas,Inactive
367,6,-1.64655723202,-0.077958368242,Manu Ginobili,Active
368,7,1.92840007715,0.646710811454,Marc Gasol,Active
369,9,-3.11332659468,2.68671691529,Marcelo Huertas,Active
370,3,3.72765571663,0.601551592573,Marcin Gortat,Active
371,0,-0.823674733299,-1.15234376236,Marco Belinelli,Active
372,5,-0.329119057094,-0.946929706123,Marcus Morris,Active
373,6,-1.72337206379,-0.295351166312,Marcus Smart,Active
374,0,-0.779903729171,-0.947886682655,Marcus Thornton,Active
375,2,-2.81581868464,0.151704961841,Mario Chalmers,Inactive
376,0,-0.743760622995,-0.469283352812,Mario Hezonja,Active
377,0,-0.978791127685,-0.873337967802,Markel Brown,Inactive
378,8,0.847948075845,-0.20584727337,Markieff Morris,Active
379,4,0.536816241347,-1.07111535354,Marquese Chriss,Active
380,7,2.62343191294,0.414645441615,Marreese Speights,Active
381,5,-0.239277072695,-1.44976604194,Martell Webster,Inactive
382,4,0.809512562285,-0.947285374149,Marvin Williams,Active
383,7,2.1030534656,1.08398919959,Mason Plumlee,Active
384,4,0.664915381711,-0.802235557687,Matt Barnes,Active
385,4,1.00886789584,-0.869096027549,Matt Bonner,Inactive
386,2,-2.60458770012,1.19454686264,Matthew Dellavedova,Active
387,4,0.142301718197,-1.19805548176,Maurice Harkless,Active
388,4,0.784994020179,-1.34136939767,Maurice Ndour,Active
389,0,-1.11173762262,-0.68495336879,Metta World Peace,Active
390,1,2.03652762348,-0.464504082319,Meyers Leonard,Active
391,8,0.582690481766,-0.174886774765,Michael Beasley,Active
392,2,-1.94062713273,1.55498251966,Michael Carter-Williams,Active
393,1,1.47711978842,-0.368036655473,Michael Kidd-Gilchrist,Active
394,2,-3.14371889552,0.827111164347,Mike Conley,Active
395,4,0.0408216830749,-0.851377305893,Mike Dunleavy,Active
396,8,-0.406056344662,-0.349024357378,Mike Miller,Active
397,1,1.87594377347,0.00818306427408,Mike Muscala,Active
398,1,1.40502155344,-0.698643271855,Mike Scott,Active
399,7,2.68124334855,1.12773964112,Miles Plumlee,Active
400,5,-0.537376062759,-0.985355326753,Mindaugas Kuzminskas,Active
401,7,2.02015265188,1.44665982412,Miroslav Raduljica,Inactive
402,4,0.540647724044,-0.869052624285,Mirza Teletovic,Active
403,7,2.41468489056,0.320192338193,Mitch McGary,Inactive
404,2,-2.8175632941,1.26940613898,Mo Williams,Inactive
405,6,-2.24286633893,0.146807007697,Monta Ellis,Active
406,1,1.27513889591,0.338744710312,Montrezl Harrell,Active
407,7,2.76377330181,-0.15461384684,Myles Turner,Active
408,2,-2.44482014652,0.325825431137,Nate Robinson,Inactive
409,2,-1.81192152756,0.999338078245,Nate Wolters,Inactive
410,7,2.67118344221,1.00181707318,Nazr Mohammed,Inactive
411,4,0.495022127971,-0.503943155308,Nemanja Bjelica,Active
412,1,1.66193960299,0.158956542601,Nene Hilario,Active
413,7,2.079781165,0.409010581478,Nerlens Noel,Active
414,2,-2.32628977629,0.78264502832,Nick Calathes,Inactive
415,1,2.01725294647,0.183484966316,Nick Collison,Active
416,0,-0.489483403205,-0.509130628506,Nick Johnson,Inactive
417,0,-1.28946803605,-1.04916665788,Nick Young,Active
418,8,-0.19228019105,-0.388842854524,Nicolas Batum,Active
419,4,0.0970245247096,-0.639801870468,Nicolas Brussino,Active
420,0,-1.29532705008,-0.768037973975,Nik Stauskas,Active
421,7,2.21075678599,1.57293725902,Nikola Jokic,Active
422,4,0.770893173259,-1.31189618234,Nikola Mirotic,Active
423,7,2.60914079399,0.913806668411,Nikola Pekovic,Inactive
424,7,2.85529598223,0.8401257321,Nikola Vucevic,Active
425,1,1.81055020533,0.217864815444,Noah Vonleh,Active
426,0,-1.40871977202,-1.07875540056,Norman Powell,Active
427,2,-2.48614325163,0.280650398212,Norris Cole,Inactive
428,6,-1.51459660437,-0.272732622722,O.J. Mayo,Inactive
429,3,2.89523816375,1.3118731137,Ognjen Kuzmic,Inactive
430,7,2.63070953644,0.000269928241673,Omer Asik,Active
431,4,0.654452017478,-0.891777845714,Omri Casspi,Active
432,0,-0.701147071867,-0.678344525059,Orlando Johnson,Inactive
433,4,0.68791622681,-1.35480118697,Otto Porter,Active
434,5,-0.383322676036,-1.60837356922,P.J. Hairston,Inactive
435,5,-0.11075884238,-1.12367562288,P.J. Tucker,Active
436,2,-2.85693977355,0.770033142856,Pablo Prigioni,Inactive
437,1,1.67079843504,0.243078296864,Pascal Siakam,Active
438,8,0.140933816364,-0.357422351422,Pat Connaughton,Active
439,6,-1.74419389863,-0.134110530287,Patrick Beverley,Active
440,5,-0.668848614824,-1.21489631492,Patrick McCaw,Active
441,1,1.15846235784,-0.601007788795,Patrick Patterson,Active
442,6,-2.07882720979,-0.386920829614,Patty Mills,Active
443,7,2.04415683629,0.632468754236,Pau Gasol,Active
444,0,-0.794752098241,-0.689863065661,Paul George,Active
445,1,1.79180247161,0.0779765272522,Paul Millsap,Active
446,0,-0.620893768367,-0.325609505977,Paul Pierce,Active
447,4,0.325129173991,-1.50944556703,Paul Zipser,Active
448,4,0.843984975029,-0.700641785447,Pero Antic,Inactive
449,4,0.474068498293,-1.18733483488,Perry Jones,Inactive
450,9,-3.91112522845,1.74532703517,Phil Pressey,Inactive
451,1,1.60207498023,-0.347272641594,Quincy Acy,Active
452,5,-0.137097613671,-0.810424381245,Quincy Miller,Inactive
453,5,-0.432253146418,-1.32316073811,Quincy Pondexter,Inactive
454,5,-0.89456877361,-1.82856832759,R.J. Hunter,Active
455,9,-3.1356044972,2.44008025537,Rajon Rondo,Active
456,2,-2.20548632142,1.34614144641,Ramon Sessions,Active
457,6,-2.21454329948,0.0200562047674,Randy Foye,Active
458,5,-0.743283758893,-1.49843183568,Rashad Vaughn,Active
459,5,-0.194690638779,-1.38411439439,Rasual Butler,Inactive
460,2,-2.76307605064,0.0347147120494,Raul Neto,Active
461,6,-2.00401490856,0.406327462681,Ray McCallum,Inactive
462,2,-3.03736592484,1.3205049601,Raymond Felton,Active
463,5,0.0150067511088,-2.00411649108,Reggie Bullock,Active
464,7,2.75785355579,0.68209005304,Reggie Evans,Inactive
465,2,-2.78970165438,1.39035875196,Reggie Jackson,Active
466,0,-0.813344899524,-0.578929523078,Reggie Williams,Active
467,5,-0.0523326537031,-0.970908578403,Richard Jefferson,Active
468,1,2.03567356488,0.107739450432,Richaun Holmes,Active
469,8,-0.707300530829,0.716742439474,Ricky Ledo,Inactive
470,9,-3.89812865999,1.92202466837,Ricky Rubio,Active
471,4,0.73152235157,-1.58811050084,Robbie Hummel,Inactive
472,5,0.0585917504185,-1.34481626722,Robert Covington,Active
473,7,1.94228649664,0.83688199393,Robert Sacre,Inactive
474,7,2.45535464962,0.913396571114,Robin Lopez,Active
475,6,-1.5760123913,-0.628922942503,Rodney Hood,Active
476,5,-0.55962743788,-1.41484201139,Rodney McGruder,Active
477,6,-1.98335396104,0.494635928489,Rodney Stuckey,Active
478,6,-1.96050924525,-0.498371133721,Ron Baker,Active
479,8,0.237747029788,-0.020236849283,Rondae Hollis-Jefferson,Active
480,2,-2.69888025338,0.159865841681,Ronnie Price,Active
481,7,1.7278134926,0.848532610042,Ronny Turiaf,Inactive
482,7,2.4212512946,0.863504770816,Roy Hibbert,Active
483,8,-0.231458090135,-0.284048774634,Rudy Gay,Active
484,3,3.82878446377,1.19331882828,Rudy Gobert,Active
485,2,-3.12832895644,0.752716581496,Russ Smith,Inactive
486,9,-2.57044636604,1.97767388617,Russell Westbrook,Active
487,4,0.780696081529,-0.663447479648,Ryan Anderson,Active
488,7,1.87558064025,0.978866771148,Ryan Hollins,Inactive
489,4,0.169997900312,-0.838394080945,Ryan Kelly,Active
490,3,3.53864993238,1.3513625752,Salah Mejri,Active
491,4,1.05645545164,-0.765609935086,Sam Dekker,Active
492,3,3.78746128635,1.10363785934,Samuel Dalembert,Inactive
493,7,2.43918744006,0.878449560701,Sasha Kaun,Inactive
494,0,-0.922950331777,-0.892161463377,Sasha Vujacic,Active
495,0,-0.925077548612,-0.658681472493,Sean Kilpatrick,Active
496,9,-3.46133010018,1.12719372865,Sebastian Telfair,Inactive
497,2,-2.66805797111,0.964491700791,Semaj Christon,Active
498,7,3.07015100485,0.0668700819312,Serge Ibaka,Active
499,5,-0.37259537948,-0.739346494526,Sergey Karasev,Inactive
500,9,-3.90982644563,2.31357502667,Sergio Rodriguez,Active
501,6,-2.14180870793,-0.377874515322,Seth Curry,Active
502,4,0.676921288866,-0.739874786842,Shabazz Muhammad,Active
503,2,-3.14369742668,0.80166412117,Shabazz Napier,Active
504,2,-2.59406038069,0.935973267276,Shane Larkin,Inactive
505,0,-1.06486657353,-0.925736765801,Shannon Brown,Inactive
506,2,-1.61325519502,1.31258708596,Shaun Livingston,Active
507,7,2.22851513468,0.552006152077,Shavlik Randolph,Inactive
508,1,1.68567122227,-0.878687106223,Shawn Marion,Inactive
509,4,0.196889902049,-1.04368354405,Shawne Williams,Inactive
510,1,1.94900021013,0.0704479235276,Shayne Whittington,Inactive
511,0,-1.05221511574,-1.01492721987,Sheldon McClellan,Active
512,2,-2.69784848856,1.00488676111,Shelvin Mack,Active
513,0,-0.958777946175,-0.766781439953,Solomon Hill,Active
514,8,-0.325529038857,-0.0905084464767,Sonny Weems,Inactive
515,2,-2.87961368259,1.18905072607,Spencer Dinwiddie,Active
516,7,1.85546366398,0.541898546135,Spencer Hawes,Active
517,0,-0.806246793107,-0.712861824547,Stanley Johnson,Active
518,2,-2.69953517584,0.772793699518,Stephen Curry,Active
519,2,-2.85301022796,0.7141571183,Steve Blake,Inactive
520,5,0.0219775028354,-1.87795725296,Steve Novak,Active
521,7,2.69605181227,1.15116149332,Steven Adams,Active
522,9,-3.46403192076,2.72824473743,T.J. McConnell,Active
523,4,0.226016979483,-0.913790505598,T.J. Warren,Active
524,7,2.26251960543,0.261767908884,Taj Gibson,Active
525,7,2.63680902004,0.967914359868,Tarik Black,Active
526,4,0.136304725336,-0.733385195105,Taurean Waller-Prince,Active
527,5,-0.188019121577,-0.650223690285,Tayshaun Prince,Inactive
528,1,2.00905654816,-0.204940391956,Terrence Jones,Active
529,5,-0.590550681584,-1.55842847258,Terrence Ross,Active
530,6,-1.33506053184,0.0916943816704,Terry Rozier,Active
531,5,-0.0768507233024,-1.22523561195,Thabo Sefolosha,Active
532,4,0.805865293009,-0.551906567978,Thaddeus Young,Active
533,7,2.17351162374,0.814231906277,Thomas Robinson,Active
534,1,1.97044100768,-0.753381209455,Thon Maker,Active
535,7,2.12072075283,0.44133873839,Tiago Splitter,Inactive
536,7,2.93953622491,0.835488823497,Tim Duncan,Inactive
537,9,-2.99024683171,2.18270650864,Tim Frazier,Active
538,0,-1.06828959897,-1.21247490564,Tim Hardaway,Active
539,7,2.88528924375,0.368014689646,Timofey Mozgov,Active
540,0,-0.630014744378,-0.947000114523,Timothe Luwawu-Cabarrot,Active
541,4,0.71396680734,-0.854665378686,Tobias Harris,Active
542,2,-1.51199526078,1.08650188872,Tomas Satoransky,Active
543,6,-2.09553986342,-0.177270967835,Toney Douglas,Active
544,5,-0.220200971305,-0.955892743699,Tony Allen,Active
545,2,-2.81859870624,1.17955041062,Tony Parker,Active
546,5,-0.556108940073,-1.18910693632,Tony Snell,Active
547,2,-2.2255953929,0.961676949963,Tony Wroten,Inactive
548,2,-2.22073445629,0.860375602853,Toure' Murry,Inactive
549,8,-0.356290491352,0.60039606755,Travis Wear,Inactive
550,5,-0.449136848216,-1.28639731762,Trevor Ariza,Active
551,1,1.77094524924,0.0408597816094,Trevor Booker,Active
552,2,-2.85120137606,0.91100273385,Trey Burke,Active
553,4,0.587941969719,-0.738805567282,Trey Lyles,Active
554,7,2.88566214886,1.04848181116,Tristan Thompson,Active
555,0,-0.79267028726,-1.0029660167,Troy Daniels,Active
556,0,-1.31395208131,-0.962971453547,Troy Williams,Active
557,9,-3.29008226081,1.52146981485,Ty Lawson,Active
558,2,-2.80929627481,1.29953759261,Tyler Ennis,Active
559,1,1.91337954909,-0.0541977302567,Tyler Hansbrough,Inactive
560,0,-0.897129192884,-0.44524286232,Tyler Johnson,Active
561,9,-3.4581971174,2.00332733709,Tyler Ulis,Active
562,7,2.46716261044,0.973312374109,Tyler Zeller,Active
563,2,-1.97757675585,0.909499894827,Tyreke Evans,Active
564,1,1.8054971905,-0.0683735919678,Tyrus Thomas,Inactive
565,3,3.23645668016,0.955199553708,Tyson Chandler,Active
566,9,-3.62973131844,1.14620677671,Tyus Jones,Active
567,1,2.36589190587,-0.304837821713,Udonis Haslem,Active
568,4,0.386161819231,-0.951607892093,Victor Claver,Inactive
569,6,-1.79055465038,-0.123414400481,Victor Oladipo,Active
570,0,-0.945941406065,0.0359673035335,Vince Carter,Active
571,2,-2.71267900548,1.4446523645,Wade Baldwin,Active
572,0,-0.936630468604,-1.08974476376,Wayne Ellington,Active
573,5,0.0634783588011,-1.36811948689,Wesley Johnson,Active
574,0,-1.09623772374,-1.38366882953,Wesley Matthews,Active
575,8,-0.432079021303,-0.200682666692,Will Barton,Active
576,9,-3.41065539292,1.66240329137,Will Bynum,Inactive
577,1,1.93497854001,0.171009178155,Willie Cauley-Stein,Active
578,0,-1.15441960635,-0.619586946055,Willie Green,Inactive
579,3,3.56986608189,0.965645798241,Willie Reed,Active
580,7,2.77766081218,0.913820255609,Willy Hernangomez,Active
581,4,0.137360755364,-0.795906859565,Wilson Chandler,Active
582,5,-0.547939576084,-0.966632912481,Xavier Henry,Inactive
583,6,-1.81838868733,0.00351607723798,Zach LaVine,Active
584,7,2.11603080134,0.5159376407,Zach Randolph,Active
585,7,1.98335238898,1.0360977034,Zaza Pachulia,Active
