,labels,x,y,Player
0,4,-3.67245681096,0.733608946071,A.J. Price
1,4,-3.46346185844,1.10213989698,Aaron Brooks
2,7,0.726578205648,-0.597689561624,Aaron Gordon
3,2,-0.440593290856,-2.7990172033,Aaron Harrison
4,0,1.52316511542,0.195240038241,Adreian Payne
5,5,2.36820882316,0.532471962585,Al Horford
6,5,2.98892309548,0.664186766366,Al Jefferson
7,7,1.11326789427,-0.989257230096,Al-Farouq Aminu
8,8,-1.1181735758,-1.44957585244,Alan Anderson
9,6,5.06833949685,3.14505748739,Alan Williams
10,8,-1.2619730681,-0.521998158364,Alec Burks
11,8,-1.06415039798,-1.27283778056,Alex Abrines
12,5,3.2769885641,0.451588832957,Alex Len
13,1,-2.84013490833,0.369511354803,Alexey Shved
14,6,3.47386215949,1.03209990498,Alexis Ajinca
15,2,-0.0855334104785,-1.69787272182,Allen Crabbe
16,2,-0.434518576025,-1.50977358894,Alonzo Gee
17,0,2.45917766308,-0.0598945947636,Amar'e Stoudemire
18,5,3.05143519353,0.761159456495,Amir Johnson
19,5,3.11388305908,0.633811322206,Anderson Varejao
20,6,4.18601016598,0.86291770988,Andre Drummond
21,8,-1.44275625168,-0.482740902999,Andre Iguodala
22,3,-3.20825526906,2.5139098811,Andre Miller
23,7,0.659810472145,-1.86187786397,Andre Roberson
24,0,1.43081821571,-0.556631052911,Andrea Bargnani
25,7,0.909261505606,-0.11977758157,Andrei Kirilenko
26,6,3.21792484912,1.50227732043,Andrew Bogut
27,4,-2.74302766795,0.888014797043,Andrew Goudelock
28,4,-3.38773953645,0.476430460145,Andrew Harrison
29,0,1.42676562581,-0.394803051513,Andrew Nicholson
30,9,-0.448223565114,-0.959943336947,Andrew Wiggins
31,7,1.3686105895,-0.677923675167,Anthony Bennett
32,2,-0.482766074545,-1.56334283708,Anthony Brown
33,5,3.3254660086,-0.254837843865,Anthony Davis
34,8,-0.76478106862,-1.20418220204,Anthony Morrow
35,7,0.917661981749,-1.43223708311,Anthony Tolliver
36,8,-1.27927013989,-0.363738292528,Archie Goodwin
37,6,3.5645788667,1.01964829258,Aron Baynes
38,8,-0.802756680362,-1.09238421706,Arron Afflalo
39,7,0.551795761425,-0.652532295622,Austin Daye
40,1,-2.35189598939,-0.30160130011,Austin Rivers
41,8,-1.05366215595,-1.4340882998,Avery Bradley
42,2,-0.181364177331,-2.06394535477,Axel Toupane
43,1,-1.88094734983,-0.240549640957,Ben Gordon
44,2,-0.493668986743,-1.7988898465,Ben McLemore
45,4,-2.943362489,1.06132328331,Beno Udrih
46,5,3.05673336987,0.862655656463,Bernard James
47,6,3.54120074699,1.08351065385,Bismack Biyombo
48,0,1.92913147353,0.325008441251,Blake Griffin
49,6,4.78899873914,2.04241816156,Boban Marjanovic
50,4,-3.59436957802,1.34959470822,Bobby Brown
51,5,2.29427298307,0.383076020968,Bobby Portis
52,2,-0.384284037355,-1.63420601608,Bojan Bogdanovic
53,9,-0.0842631670368,0.94154353504,Boris Diaw
54,8,-1.40585488223,-0.772173354045,Bradley Beal
55,5,2.70358632674,0.65102224695,Brandan Wright
56,0,1.70407310826,-0.164888104805,Brandon Bass
57,0,1.04872230833,0.412237688335,Brandon Davies
58,8,-0.803023331083,-0.959670249215,Brandon Ingram
59,4,-3.8600214657,1.15706710591,Brandon Jennings
60,1,-2.67021355899,0.427820756832,Brandon Knight
61,2,-0.495125390951,-1.4104621022,Brandon Rush
62,5,2.90352176738,1.18064440993,Brendan Haywood
63,4,-3.2183401495,1.3113782487,Brian Roberts
64,5,2.74767200833,0.448685237915,Brook Lopez
65,2,-0.30527081813,-2.0460087527,Bruno Caboclo
66,1,-2.79526713981,0.199992983676,Bryce Cotton
67,8,-0.931442292541,-0.839972645163,Buddy Hield
68,1,-2.30161781733,-0.0520275557427,C.J. McCollum
69,2,-0.474124527676,-1.31967478067,C.J. Miles
70,1,-2.94056673038,-0.0599735056781,C.J. Watson
71,8,-1.81926583794,-1.10280828039,C.J. Wilcox
72,0,0.890349253453,0.283358936714,Cameron Bairstow
73,4,-3.44576990288,1.27622107256,Cameron Payne
74,8,-1.90521026113,-1.02153499979,Caris LeVert
75,0,2.13429034194,-0.118100408748,Carl Landry
76,5,2.83007358976,0.493776797029,Carlos Boozer
77,9,0.0805495985225,-0.41421531214,Carmelo Anthony
78,9,-0.403454000432,-0.853734223818,Caron Butler
79,2,-0.358919898823,-1.60939491736,Cartier Martin
80,9,-0.556417397453,-0.939720258871,Chandler Parsons
81,0,1.56593420877,-0.587687998877,Channing Frye
82,0,1.66538250479,-0.437475108399,Charlie Villanueva
83,2,0.0184003842476,-1.43410444673,Chase Budinger
84,5,3.15023052549,0.556055165674,Chris Andersen
85,0,1.9265724254,-0.34559991114,Chris Bosh
86,9,-0.424439303087,-0.811922348993,Chris Copeland
87,8,-1.11117739208,-1.20962226967,Chris Douglas-Roberts
88,2,-0.436332707023,-1.93058041672,Chris Johnson
89,6,3.30957322205,1.13632132473,Chris Kaman
90,7,0.765815432944,-1.02786557693,Chris McCullough
91,3,-5.04853712739,2.99829850803,Chris Paul
92,5,1.86916617584,0.765163743895,Chuck Hayes
93,2,-0.444100131096,-1.06938145271,Cleanthony Early
94,6,3.43129701488,0.999251614747,Clint Capela
95,0,2.27819339395,0.107847648664,Cody Zeller
96,6,3.66760976735,1.76693773845,Cole Aldrich
97,2,-0.79130318987,-1.70429144819,Corey Brewer
98,5,2.17114084585,0.506048246693,Cory Jefferson
99,1,-2.24083486544,0.380054297205,Cory Joseph
100,8,-1.24847583261,-1.47408048182,Courtney Lee
101,5,2.5585554336,1.33177837816,Cristiano Felicio
102,4,-4.06381666333,1.21331674713,D.J. Augustin
103,1,-2.6591144685,0.27671585385,D'Angelo Russell
104,8,-0.867884961627,-1.06698790143,Dahntay Jones
105,4,-2.94481445011,0.730234544247,Damian Lillard
106,2,-0.90990208028,-1.54083557944,Damjan Rudez
107,2,-0.466802835909,-1.41595634937,Danilo Gallinari
108,9,0.0172334043318,-0.928732998423,Danny Granger
109,2,-0.373203003133,-1.57092776069,Danny Green
110,7,1.35889690105,-1.26045674814,Dante Cunningham
111,1,-2.23498808144,-0.36795899021,Dante Exum
112,7,0.818519510332,-0.477304905416,Dario Saric
113,9,-0.476681060798,-0.843150081741,Darius Miller
114,4,-3.1649461349,0.521914981448,Darius Morris
115,0,1.89105401774,-0.005079402082,Darrell Arthur
116,4,-3.37568618827,0.862934827632,Darren Collison
117,8,-1.8430184438,-1.09310964305,Darrun Hilliard
118,5,2.79487353282,0.810672066729,David Lee
119,0,1.76932886056,0.442797734905,David West
120,7,0.563979183304,-1.23463178418,Davis Bertans
121,6,3.84949083655,0.943078113973,DeAndre Jordan
122,2,-0.677494632936,-1.75294014376,DeAndre Liggins
123,9,-0.117434153434,-0.160331763945,DeAndre' Bembry
124,1,-1.49913651303,0.846619199656,Dejounte Murray
125,5,3.06214825185,0.97144074921,DeJuan Blair
126,1,-2.74442788491,0.543053150251,Delon Wright
127,8,-0.949565300096,-0.9294013416,DeMar DeRozan
128,5,2.83187630548,0.621565348321,DeMarcus Cousins
129,7,0.40386546616,-1.47959556799,DeMarre Carroll
130,3,-3.83457644423,2.04444893637,Dennis Schroder
131,8,-1.9000338604,-1.65474312475,Denzel Valentine
132,3,-4.01952590788,2.59697957586,Deron Williams
133,5,2.99086224369,0.351847477505,Derrick Favors
134,4,-2.8111564949,1.59869623528,Derrick Rose
135,7,0.712736962993,-1.56140601265,Derrick Williams
136,8,-1.61421293475,-0.422221762753,Devin Booker
137,4,-3.39748301052,0.917001896148,Devin Harris
138,8,-1.41581028538,-1.74958266527,Devyn Marble
139,6,3.81755778342,1.61342734421,Dewayne Dedmon
140,6,3.64848120928,1.41630764968,Deyonta Davis
141,1,-2.44165949792,-0.582978281799,Dion Waiters
142,7,1.25716159434,-0.728123073732,Dirk Nowitzki
143,7,0.601722313754,-0.690372753069,Domantas Sabonis
144,4,-3.46654312779,1.46449803453,Donald Sloan
145,0,1.5078524748,-0.18108316252,Donatas Motiejunas
146,2,-0.170170097295,-1.20426814423,Dorell Wright
147,2,0.30906578044,-2.03010308996,Dorian Finney-Smith
148,2,0.203058863176,-1.44176707115,Doug McDermott
149,7,0.889377801496,-1.60393604925,Dragan Bender
150,9,0.558753974307,0.446036455966,Draymond Green
151,5,2.44581076783,0.448716178785,Drew Gooden
152,6,3.98161451169,0.483976701732,Dwight Howard
153,0,2.43200306165,-0.652948939589,Dwight Powell
154,1,-1.99229526123,0.766918839554,Dwyane Wade
155,1,-1.82952919914,-0.185003646635,E'Twaun Moore
156,5,2.25975321051,0.635464565112,Earl Barron
157,0,1.46130981278,-0.566816269863,Earl Clark
158,6,3.27508976764,1.21666088172,Ed Davis
159,5,1.90657543549,1.17496564033,Ekpe Udoh
160,3,-3.54051505724,2.10014676238,Elfrid Payton
161,8,-1.06179762519,-1.05535126141,Elijah Millsap
162,8,-1.04710662653,-0.892773226849,Elliot Williams
163,5,2.84948497292,0.766236481503,Elton Brand
164,4,-2.85205502979,1.09985974808,Emmanuel Mudiay
165,5,2.77059974906,0.363625681849,Enes Kanter
166,4,-2.78660584665,0.907264176132,Eric Bledsoe
167,1,-1.99201182458,-0.644345080932,Eric Gordon
168,1,-2.16760140634,-0.321933471362,Erick Green
169,0,1.91427989425,-0.444325293353,Ersan Ilyasova
170,8,-1.40145166076,-0.924909473812,Evan Fournier
171,1,-1.50838674419,0.37657284814,Evan Turner
172,6,3.51414734756,1.49440200614,Festus Ezeli
173,2,-0.566709432342,-1.08256911339,Francisco Garcia
174,7,0.482886747598,-0.651953392568,Frank Kaminsky
175,1,-2.82298591621,-0.110034626713,Fred VanVleet
176,5,2.20724830553,1.90431602121,Furkan Aldemir
177,3,-4.07501316349,2.73291306214,Gal Mekel
178,8,-1.64947356357,-0.974511482147,Garrett Temple
179,8,-1.00243272592,-1.56704626177,Gary Harris
180,8,-1.49898097404,-0.465179834549,Gary Neal
181,1,-2.12698947428,-0.290859860892,George Hill
182,2,-0.610981296466,-1.14219605882,Georges Niang
183,8,-0.701272540807,-1.06458799155,Gerald Green
184,8,-0.719707128323,-0.784586465957,Gerald Henderson
185,2,0.141857086267,-1.2444725265,Gerald Wallace
186,9,0.421122592521,0.350056326117,Giannis Antetokounmpo
187,0,1.58830241052,-0.213642804723,Glen Davis
188,2,-0.146228654217,-1.39557100318,Glenn Robinson
189,4,-3.05684487069,1.10829663322,Goran Dragic
190,8,-1.25292523614,-0.41961625419,Gordon Hayward
191,5,2.5208356443,0.114192190675,Gorgui Dieng
192,5,1.98798746712,0.706362396218,Greg Monroe
193,5,3.0843431036,1.02200826311,Greg Smith
194,5,2.95615436087,0.806747569419,Greg Stiemsma
195,3,-3.51006717577,2.51379248404,Greivis Vasquez
196,2,-0.0268437188449,-1.30821776794,Harrison Barnes
197,6,5.01149283119,1.81825754848,Hassan Whiteside
198,8,-1.32886471967,-0.102499986279,Hedo Turkoglu
199,5,2.31364651165,0.878695291139,Henry Sims
200,2,0.0413500648239,-1.42016597506,Henry Walker
201,2,-0.324858043187,-1.34841121576,Hollis Thompson
202,8,-1.28162784374,-0.43931412162,Ian Clark
203,5,2.65234749649,0.613496144648,Ian Mahinmi
204,8,-1.56595299267,-1.00183892439,Iman Shumpert
205,1,-2.55361306574,-0.829904423786,Isaiah Canaan
206,4,-3.17637183765,0.709626752892,Isaiah Thomas
207,1,-2.14250103305,0.967156199551,Isaiah Whitehead
208,3,-3.87454614232,2.26144058313,Ish Smith
209,6,3.63888639218,1.89876832589,Ivica Zubac
210,4,-3.63000391634,1.82161335839,J.J. Barea
211,5,2.67317781864,0.314583736493,J.J. Hickson
212,8,-0.992935157271,-1.19390150074,J.J. Redick
213,8,-1.64732625484,-0.96600410796,J.R. Smith
214,7,0.399498096694,-0.760124952491,Jabari Parker
215,2,0.0808820896323,-1.77692429927,Jae Crowder
216,0,1.7754189691,0.535459743995,Jahlil Okafor
217,9,-0.0399831340186,-0.661347371947,JaKarr Sampson
218,2,-0.898955989997,-2.30630965995,Jake Layman
219,5,2.68921950261,0.983075148157,Jakob Poeltl
220,9,0.120955526826,-0.341176304889,Jamaal Franklin
221,1,-2.91530784977,-0.136388567891,Jamal Crawford
222,8,-1.09330269163,-0.614472982523,Jamal Murray
223,4,-3.62309685751,1.65105721226,Jameer Nelson
224,2,-0.592235879649,-1.25781239098,James Anderson
225,7,0.299296219428,-1.17835923939,James Ennis
226,1,-2.41836408932,0.111871651492,James Harden
227,9,0.00761187029429,0.136881432261,James Johnson
228,2,-0.213286302405,-1.6251048239,James Jones
229,5,2.10350720401,0.534933559242,James Michael McAdoo
230,2,0.227400397877,-2.21589916441,James Young
231,0,1.98673017779,-0.221782529706,JaMychal Green
232,4,-3.04956187242,0.862881580087,Jannero Pargo
233,8,-1.42809513248,-1.64913338572,Jared Cunningham
234,2,0.0902394827657,-1.13787211561,Jared Dudley
235,5,2.52827057622,0.867502882487,Jared Sullinger
236,8,-0.880924454417,-0.895249602152,Jarell Eddie
237,0,1.73135228873,-0.235891597526,Jarell Martin
238,5,2.02049816365,1.07965353621,Jarnell Stokes
239,4,-3.161285853,1.15693636931,Jarrett Jack
240,5,2.42257211694,0.709335295006,Jason Maxiell
241,2,-0.588927841936,-1.13958777578,Jason Richardson
242,0,2.0576558592,0.0929183217697,Jason Smith
243,1,-2.92541673361,0.146744411722,Jason Terry
244,5,2.89621302007,0.623057090946,Jason Thompson
245,6,3.87208606996,1.2782175862,JaVale McGee
246,7,0.373119985623,-1.1815236769,Jaylen Brown
247,5,2.80534216908,1.32562761667,Jeff Adrien
248,5,2.95694088809,0.622872580298,Jeff Ayres
249,2,-0.039120010518,-1.20279247658,Jeff Green
250,3,-4.17861192752,1.95016118715,Jeff Teague
251,6,3.04814415559,1.16998380074,Jeff Withey
252,2,-0.611966388696,-1.692631177,Jeffery Taylor
253,7,0.529197612861,-1.01438755858,Jerami Grant
254,5,2.35737061089,0.26485209684,Jeremy Evans
255,9,-0.352163213631,-0.695705532279,Jeremy Lamb
256,4,-3.07569746626,1.00488227192,Jeremy Lin
257,1,-2.72660417581,0.275110753803,Jerian Grant
258,6,3.03706626704,1.75334314583,Jerome Jordan
259,1,-2.74640055508,0.575787597852,Jerryd Bayless
260,1,-2.76136411213,0.131727308024,Jimmer Fredette
261,8,-0.871179425094,-0.989305172729,Jimmy Butler
262,6,2.52119511213,1.97081073209,Joakim Noah
263,2,-0.74110816564,-2.14407878497,Jodie Meeks
264,2,-0.261354359079,-1.47459954972,Joe Harris
265,8,-2.31033798908,-1.06577131339,Joe Ingles
266,1,-1.99281629171,0.0263865150015,Joe Johnson
267,4,-3.63343361713,1.01517118905,Joe Young
268,5,2.31431669909,0.939005357919,Joel Anthony
269,6,3.45215232669,0.756195798483,Joel Embiid
270,6,3.00269742208,1.36680954879,Joel Freeland
271,5,2.97644904379,1.00076045327,Joey Dorsey
272,0,2.23460947235,0.217698801804,Joffrey Lauvergne
273,6,3.1222110581,1.45671304173,John Henson
274,8,-0.742285956888,-1.04117512306,John Jenkins
275,4,-3.69068062542,0.625284520611,John Lucas III
276,1,-1.88990187459,-0.553341601095,John Salmons
277,3,-4.2854816086,2.46646118077,John Wall
278,0,1.35922740871,-0.259108045516,Johnny O'Bryant
279,0,1.99638621424,-0.345168720964,Jon Leuer
280,0,1.59677898678,-0.586449756391,Jonas Jerebko
281,6,3.63920248254,1.35536059318,Jonas Valanciunas
282,8,-0.832028658981,-0.826636334832,Jonathon Simmons
283,8,-1.56557366661,-1.20734062648,Jordan Adams
284,1,-1.76905349851,-0.177593812668,Jordan Clarkson
285,4,-3.11841680939,0.552373762203,Jordan Farmar
286,9,-0.0319243380373,-0.943906741224,Jordan Hamilton
287,5,2.85110677372,0.955781810427,Jordan Hill
288,1,-1.98995035951,-0.2889904016,Jordan McRae
289,0,1.44574050689,0.249623518748,Jordan Mickey
290,1,-1.75100090358,0.84213925003,Jorge Gutierrez
291,3,-4.52463227375,2.60587903603,Jose Calderon
292,0,0.695201552807,0.637379803463,Josh McRoberts
293,8,-1.62591289646,-0.79583659702,Josh Richardson
294,0,1.41034979677,0.214331092767,Josh Smith
295,4,-3.59497175646,1.74459744555,Jrue Holiday
296,7,0.772148427186,-1.16834790942,Juan Hernangomez
297,5,2.07000597081,0.771417999488,Julius Randle
298,7,0.398514072371,-1.46254171659,Justin Anderson
299,0,1.68582236686,-0.578587748251,Justin Hamilton
300,2,-0.786744140567,-1.39027979115,Justin Holiday
301,2,-0.231330133809,-1.29878731504,Justise Winslow
302,6,3.2839823096,1.28541914869,Jusuf Nurkic
303,9,0.177001441651,-0.482201963234,K.J. McDaniels
304,6,3.72529499584,0.629545460893,Karl-Anthony Towns
305,2,-0.00189334665944,-1.37497253626,Kawhi Leonard
306,4,-3.33860090786,0.725136032898,Kay Felder
307,0,1.4020675691,-0.158204850888,Kelly Olynyk
308,2,0.275517844332,-1.52109750614,Kelly Oubre
309,4,-3.2309727106,0.608185961678,Kemba Walker
310,3,-5.38180860642,3.05513338769,Kendall Marshall
311,5,2.92758149065,1.25913700964,Kendrick Perkins
312,5,3.22536349937,0.442314237181,Kenneth Faried
313,8,-1.15637153767,-1.13216920173,Kent Bazemore
314,2,-1.04687380388,-1.92517317697,Kentavious Caldwell-Pope
315,0,1.61885800585,-0.241569183022,Kenyon Martin
316,7,0.250693624588,-0.865189589431,Kevin Durant
317,5,2.38835193703,0.817755645224,Kevin Garnett
318,5,2.78979529827,-0.179500947638,Kevin Love
319,2,-0.953740121081,-1.61841704947,Kevin Martin
320,5,2.54026351633,1.57217466824,Kevin Seraphin
321,5,2.76988346083,0.73529160052,Kevon Looney
322,5,2.76988346083,0.73529160052,Kevon Looney
323,5,2.76988346083,0.73529160052,Kevon Looney
324,5,2.76988346083,0.73529160052,Kevon Looney
325,5,2.76988346083,0.73529160052,Kevon Looney
326,5,2.76988346083,0.73529160052,Kevon Looney
327,5,2.76988346083,0.73529160052,Kevon Looney
328,5,2.76988346083,0.73529160052,Kevon Looney
329,5,2.76988346083,0.73529160052,Kevon Looney
330,5,2.76988346083,0.73529160052,Kevon Looney
331,5,2.76988346083,0.73529160052,Kevon Looney
332,5,2.76988346083,0.73529160052,Kevon Looney
333,5,2.76988346083,0.73529160052,Kevon Looney
334,5,2.76988346083,0.73529160052,Kevon Looney
335,5,2.76988346083,0.73529160052,Kevon Looney
336,5,2.76988346083,0.73529160052,Kevon Looney
337,8,-1.24289669093,-0.678377740838,Khris Middleton
338,4,-3.15317001121,1.03606424436,Kirk Hinrich
339,2,-0.629456376152,-1.42816798089,Klay Thompson
340,1,-1.44692431558,-0.0474139386524,Kobe Bryant
341,6,3.39815376688,1.00008063281,Kosta Koufos
342,8,-0.906317782994,-0.601681797814,Kostas Papanikolaou
343,4,-2.77095181745,1.02061154357,Kris Dunn
344,5,3.14894795538,0.454542704256,Kris Humphries
345,0,2.29636869256,-0.181832843211,Kristaps Porzingis
346,8,-0.78336957012,-0.896146075231,Kyle Anderson
347,2,-0.154115954618,-1.22098450173,Kyle Korver
348,4,-2.98870663529,1.11539907905,Kyle Lowry
349,6,3.14037330766,1.60259559234,Kyle O'Quinn
350,2,0.221843839423,-1.52768256384,Kyle Singler
351,4,-3.12666637425,0.830371072124,Kyrie Irving
352,8,-1.03914281747,-0.892760604812,Lamar Patterson
353,0,2.10402232719,-0.138147219414,LaMarcus Aldridge
354,1,-1.44319077925,0.214256245822,Lance Stephenson
355,7,0.186612559568,-0.964986474314,Lance Thomas
356,2,0.0604299768313,-1.03026358646,Landry Fields
357,8,-1.62703509609,-0.54406315201,Langston Galloway
358,0,1.90789166231,-0.0845412251685,Larry Nance Jr.
359,6,3.2056938561,1.30016980855,Larry Sanders
360,5,2.89019438533,1.21262485305,Lavoy Allen
361,8,-1.87734568762,-0.748362762098,Leandro Barbosa
362,1,-1.46007381727,0.345558498803,LeBron James
363,1,-1.9558010456,-0.196773486947,Lester Hudson
364,4,-3.02594682336,1.49481728344,Lorenzo Brown
365,6,3.09828899649,1.34772392961,Lou Amundson
366,1,-2.92266649325,-0.295868649569,Lou Williams
367,7,0.806934430586,-1.24666686703,Luc Mbah a Moute
368,5,2.81159239777,0.0880860498732,Lucas Nogueira
369,7,0.276412873639,-0.70202547217,Luigi Datome
370,0,2.05800133744,-0.0977870873878,Luis Scola
371,9,-0.297694300216,-0.846603952765,Luke Babbitt
372,4,-3.57251147006,1.64960559267,Luke Ridnour
373,7,0.432027103941,-1.10071294405,Luol Deng
374,2,-0.442939938665,-1.24219640393,Malachi Richardson
375,4,-3.09042756017,0.888415578621,Malcolm Brogdon
376,4,-3.45447589946,1.33194127647,Malcolm Delaney
377,8,-1.30516195179,-0.200885640331,Malcolm Lee
378,0,2.11937809486,0.275775156033,Malcolm Thomas
379,1,-2.10138563464,-0.0263039842651,Manu Ginobili
380,5,2.1127459611,0.737745237904,Marc Gasol
381,3,-3.7642875503,3.05301355373,Marcelo Huertas
382,6,3.97031869709,0.656462640541,Marcin Gortat
383,8,-1.02698485968,-1.30715015745,Marco Belinelli
384,2,-0.331667261575,-1.18459352252,Marcus Morris
385,1,-2.08219603594,-0.232363960213,Marcus Smart
386,8,-0.887082006832,-1.21728580136,Marcus Thornton
387,4,-3.35984666054,0.294882585124,Mario Chalmers
388,8,-0.873787266932,-0.628287019894,Mario Hezonja
389,8,-1.11945203522,-1.01600734749,Markel Brown
390,0,1.06704164213,-0.270869989269,Markieff Morris
391,7,1.07521680217,-1.15950950278,Marquese Chriss
392,5,3.06414034246,0.857415645111,Marreese Speights
393,2,-0.23849116829,-1.65213525697,Martell Webster
394,7,0.835005569688,-1.04854116293,Marvin Williams
395,5,2.3082105939,1.08563424901,Mason Plumlee
396,7,0.828891888388,-0.727177006662,Matt Barnes
397,7,1.07814239113,-0.636320123724,Matt Bonner
398,4,-3.20942709849,1.81285212159,Matthew Dellavedova
399,2,0.191569314633,-1.54179193788,Maurice Harkless
400,7,0.971869567348,-1.45010576881,Maurice Ndour
401,8,-1.30157407992,-0.966737310077,Metta World Peace
402,0,2.56575017167,-0.115888028912,Meyers Leonard
403,7,0.743571004013,-0.333235901667,Michael Beasley
404,4,-2.30013097733,1.5651158136,Michael Carter-Williams
405,0,1.60812976234,-0.498134088945,Michael Kidd-Gilchrist
406,4,-3.85608874197,0.960705717651,Mike Conley
407,9,-0.0250041607502,-0.948918599124,Mike Dunleavy
408,9,-0.523796000606,-0.419855558086,Mike Miller
409,0,1.96793124466,0.273003790026,Mike Muscala
410,0,1.36908134335,-0.606252355613,Mike Scott
411,5,2.74813267194,0.960948238672,Miles Plumlee
412,2,-0.493749601027,-1.15779479314,Mindaugas Kuzminskas
413,6,2.72814392357,1.82445158925,Miroslav Raduljica
414,7,0.681819146726,-0.902279440453,Mirza Teletovic
415,5,2.73175919205,0.429755137637,Mitch McGary
416,4,-3.29338098215,1.57563074975,Mo Williams
417,1,-2.61198878417,-0.0924071598092,Monta Ellis
418,0,1.33370544388,0.356754820745,Montrezl Harrell
419,5,3.08229413446,-0.127671862691,Myles Turner
420,1,-2.62738177289,0.414035061753,Nate Robinson
421,1,-2.28229928925,0.987097207017,Nate Wolters
422,5,2.95371357712,1.15858053538,Nazr Mohammed
423,7,0.866717392451,-0.415710668943,Nemanja Bjelica
424,0,1.84639292501,0.0430390833132,Nene Hilario
425,0,2.21352525392,0.146461726653,Nerlens Noel
426,4,-3.00620579067,1.04289811461,Nick Calathes
427,5,2.37129649651,0.411483642516,Nick Collison
428,9,-0.512391169016,-0.647934811007,Nick Johnson
429,8,-1.33767686141,-1.38752670819,Nick Young
430,9,-0.330892928492,-0.389150082084,Nicolas Batum
431,9,0.041709603637,-0.582128413724,Nicolas Brussino
432,8,-1.44602963635,-1.0177169465,Nik Stauskas
433,6,2.69554946413,1.93064313137,Nikola Jokic
434,7,0.882677429605,-1.36727716855,Nikola Mirotic
435,5,2.94712275951,0.706040320529,Nikola Pekovic
436,6,3.23863529988,0.974775726707,Nikola Vucevic
437,0,2.07797541685,0.205195700089,Noah Vonleh
438,8,-1.59068113933,-1.29397405124,Norman Powell
439,1,-3.04565719149,0.326341588102,Norris Cole
440,8,-1.73507554194,-0.476000560447,O.J. Mayo
441,6,3.32715794416,1.30640949083,Ognjen Kuzmic
442,5,2.74896771572,-0.0475669351211,Omer Asik
443,7,0.679865477635,-1.15433785082,Omri Casspi
444,8,-0.97810473368,-0.657834634885,Orlando Johnson
445,7,0.60048769364,-1.48520979448,Otto Porter
446,2,-0.347972145438,-1.71088145784,P.J. Hairston
447,2,-0.057657336864,-1.36591480561,P.J. Tucker
448,4,-3.42124303517,1.19002931982,Pablo Prigioni
449,0,1.99962619655,0.0950714329299,Pascal Siakam
450,9,0.0212899394275,-0.376147011747,Pat Connaughton
451,1,-1.96186837761,0.0874341508325,Patrick Beverley
452,8,-0.988841240012,-1.37525449076,Patrick McCaw
453,7,1.26952923025,-0.564100213126,Patrick Patterson
454,1,-2.6979833157,-0.175422677429,Patty Mills
455,5,2.28568790273,0.704985784687,Pau Gasol
456,8,-0.943782663433,-0.928117086695,Paul George
457,0,1.98732333717,0.0891754201198,Paul Millsap
458,9,-0.734868655258,-0.668600762091,Paul Pierce
459,2,0.384464431364,-1.83394266427,Paul Zipser
460,7,1.10406586037,-0.552844163402,Pero Antic
461,7,0.368117398658,-1.3668971549,Perry Jones
462,3,-4.87144023926,2.1037253187,Phil Pressey
463,0,1.89674258115,-0.175398036234,Quincy Acy
464,2,-0.130888479562,-1.05154077792,Quincy Miller
465,2,-0.496081627776,-1.37835611449,Quincy Pondexter
466,2,-1.14940367146,-1.97681924051,R.J. Hunter
467,3,-4.18959378045,2.97491652494,Rajon Rondo
468,4,-2.74526377424,1.37848464966,Ramon Sessions
469,1,-2.51121428032,0.0294863098909,Randy Foye
470,2,-0.910439062957,-1.69375780302,Rashad Vaughn
471,2,-0.292703798163,-1.55066100715,Rasual Butler
472,1,-3.29529396683,-0.0462685094391,Raul Neto
473,1,-2.49526902286,0.473297408753,Ray McCallum
474,4,-3.67743382405,1.48909100877,Raymond Felton
475,2,-0.0889600600285,-2.162982317,Reggie Bullock
476,5,2.96365312919,0.528863551091,Reggie Evans
477,4,-3.30244755658,1.56226670774,Reggie Jackson
478,8,-0.983399982216,-0.703037626971,Reggie Williams
479,2,-0.0831305974015,-1.19806690434,Richard Jefferson
480,5,2.38244792004,0.264992302985,Richaun Holmes
481,9,-0.855630089459,0.576748567687,Ricky Ledo
482,3,-4.88495917891,2.51428808279,Ricky Rubio
483,7,0.947534717867,-1.47300514221,Robbie Hummel
484,2,0.155895433599,-1.6334636683,Robert Covington
485,5,2.3168050223,0.864166030494,Robert Sacre
486,5,2.79696950511,0.980005427988,Robin Lopez
487,8,-1.73882838165,-0.74525281343,Rodney Hood
488,2,-0.557487585779,-1.57514324594,Rodney McGruder
489,1,-2.26117271692,0.441897821679,Rodney Stuckey
490,1,-2.21415566918,-0.761758445029,Ron Baker
491,9,0.350066315333,-0.277276373501,Rondae Hollis-Jefferson
492,1,-3.03810413974,0.308512553928,Ronnie Price
493,5,1.93629964985,1.14387018881,Ronny Turiaf
494,5,2.86945073057,1.22959178903,Roy Hibbert
495,9,-0.190322588446,-0.699991193805,Rudy Gay
496,6,3.99382866252,1.25255350654,Rudy Gobert
497,4,-3.64833320286,0.802385453766,Russ Smith
498,4,-2.8415053486,1.9157629722,Russell Westbrook
499,7,0.887107824583,-0.700004791789,Ryan Anderson
500,5,2.30949932918,0.993622927332,Ryan Hollins
501,7,0.336339959507,-0.810492372288,Ryan Kelly
502,6,3.84195107387,1.44483876014,Salah Mejri
503,7,0.997092106241,-0.908336084289,Sam Dekker
504,6,4.13658833763,1.31225296319,Samuel Dalembert
505,5,2.41505431972,0.631819340897,Sasha Kaun
506,8,-1.07354763622,-0.669113767316,Sasha Vujacic
507,8,-0.939693878572,-1.10190144764,Sean Kilpatrick
508,4,-3.97709601255,1.3822835135,Sebastian Telfair
509,4,-3.31921492113,1.16792695764,Semaj Christon
510,5,3.3187243251,0.306748682759,Serge Ibaka
511,9,-0.376117568836,-0.829814548003,Sergey Karasev
512,3,-4.81777294424,2.839212101,Sergio Rodriguez
513,1,-2.51359343003,-0.600477340908,Seth Curry
514,7,0.694336563494,-1.04573209296,Shabazz Muhammad
515,4,-3.82285707196,0.776176483946,Shabazz Napier
516,4,-3.18515540781,0.990599082791,Shane Larkin
517,8,-1.30637568772,-1.15072829551,Shannon Brown
518,4,-2.17618971842,1.54918749486,Shaun Livingston
519,5,2.43951673612,0.859262657462,Shavlik Randolph
520,0,1.80902707966,-0.950287897688,Shawn Marion
521,7,0.44927443911,-0.939571265738,Shawne Williams
522,5,2.40418520682,0.464857061998,Shayne Whittington
523,8,-1.3670122325,-1.03185201233,Sheldon McClellan
524,4,-3.4424003081,1.24696942017,Shelvin Mack
525,8,-1.13543614159,-0.959522120456,Solomon Hill
526,9,-0.311413814685,-0.330950896613,Sonny Weems
527,4,-3.26531995811,1.45378851659,Spencer Dinwiddie
528,5,2.13936472395,0.794709971163,Spencer Hawes
529,8,-0.80492049936,-0.900970738507,Stanley Johnson
530,4,-3.20771537412,0.882330457112,Stephen Curry
531,4,-3.58470330211,1.06522412924,Steve Blake
532,2,-0.174409252527,-1.77370853044,Steve Novak
533,5,2.8974535823,1.06051070831,Steven Adams
534,3,-4.37983297745,3.00319495668,T.J. McConnell
535,7,0.363738539498,-1.09048804657,T.J. Warren
536,5,2.48520184187,0.441472330353,Taj Gibson
537,6,3.1946476254,1.09682646871,Tarik Black
538,9,0.197591039178,-0.795511892502,Taurean Waller-Prince
539,9,-0.39252631469,-0.767448511357,Tayshaun Prince
540,0,2.07328392609,-0.327235879253,Terrence Jones
541,2,-0.736822830537,-1.74338604215,Terrence Ross
542,1,-1.70154599556,0.103420687403,Terry Rozier
543,2,-0.254141359398,-1.43464509807,Thabo Sefolosha
544,7,0.887090355048,-0.838817804095,Thaddeus Young
545,5,2.49948017255,0.764308802365,Thomas Robinson
546,0,2.30277961693,-0.420545342952,Thon Maker
547,0,2.11430337837,0.452476790548,Tiago Splitter
548,5,3.17109789901,0.929363742276,Tim Duncan
549,3,-3.68087418075,2.66102701548,Tim Frazier
550,8,-1.23675453192,-1.45480577129,Tim Hardaway
551,5,3.25305555713,0.501272228339,Timofey Mozgov
552,2,-0.453238642298,-1.08228266523,Timothe Luwawu-Cabarrot
553,7,0.772683837385,-1.06046943419,Tobias Harris
554,1,-1.94633755914,1.1861010904,Tomas Satoransky
555,1,-2.3642643334,-0.0758535502729,Toney Douglas
556,2,-0.327457973881,-1.19520171681,Tony Allen
557,4,-3.53548628383,1.30806565786,Tony Parker
558,2,-0.685552759462,-1.39511383714,Tony Snell
559,1,-2.59318720613,0.616602879694,Tony Wroten
560,4,-2.54577437053,0.898393901312,Toure' Murry
561,9,-0.399251253057,0.481804471682,Travis Wear
562,2,-0.575102744543,-1.59469173981,Trevor Ariza
563,0,1.93811770457,-0.0013769383764,Trevor Booker
564,4,-3.39899668083,1.10790624679,Trey Burke
565,7,0.569313818959,-0.809844060481,Trey Lyles
566,5,3.07589801398,0.95459000424,Tristan Thompson
567,8,-1.03529304699,-0.988623865502,Troy Daniels
568,8,-1.43831663643,-1.63802014398,Troy Williams
569,3,-4.11197203209,1.70127552371,Ty Lawson
570,4,-3.48976160069,1.5517911211,Tyler Ennis
571,0,2.12512837348,0.0507264822157,Tyler Hansbrough
572,8,-1.12720177603,-0.484577985125,Tyler Johnson
573,3,-4.06729811663,1.9709100429,Tyler Ulis
574,5,2.83012998938,1.1174106673,Tyler Zeller
575,1,-2.2475911773,0.778762521491,Tyreke Evans
576,0,2.068729055,-0.011272084754,Tyrus Thomas
577,6,3.49339942548,0.916283728316,Tyson Chandler
578,3,-4.6096397183,1.51811304215,Tyus Jones
579,0,2.46518853276,-0.197335973005,Udonis Haslem
580,7,0.596170657813,-1.2613086967,Victor Claver
581,1,-2.06353254375,-0.409307413093,Victor Oladipo
582,9,-0.875938142286,-0.0849560932853,Vince Carter
583,4,-3.28764606649,1.56758639883,Wade Baldwin
584,8,-1.14010245974,-1.31924042403,Wayne Ellington
585,2,0.175306017144,-1.59125251539,Wesley Johnson
586,8,-1.22757106384,-1.67579864078,Wesley Matthews
587,9,-0.524616189348,-0.441290078923,Will Barton
588,3,-3.92926007985,1.9453677371,Will Bynum
589,0,2.07406610845,0.110726371413,Willie Cauley-Stein
590,8,-1.33217237277,-0.712618564996,Willie Green
591,6,3.90106834625,1.29204608546,Willie Reed
592,6,3.21769155351,1.06022049745,Willy Hernangomez
593,7,0.347474062348,-0.962850964404,Wilson Chandler
594,2,-0.604677012805,-1.39581441747,Xavier Henry
595,1,-1.99787870388,-0.216234913871,Zach LaVine
596,5,2.41651279586,0.399774590891,Zach Randolph
597,5,2.19570662926,1.0067572042,Zaza Pachulia
